date,site,text,link,growth
2022-07-28 08:23:00,Barrons.com,Fords Earnings Needed To Clear a High Bar. They Didand the Stock Is Soaring.,https://www.barrons.com/articles/ford-earnings-stock-price-51658923209?siteid=yhoof2,None
2022-07-28 07:45:00,Investor's Business Daily,"Tesla Stock Vs. BYD Stock: Tesla Bounces, China EV Giant Launching BYD Seal, Model 3 Rival",https://www.investors.com/news/tesla-stock-vs-byd-stock-comparing-ev-stocks-tsla-byddf/?src=A00220,None
2022-07-28 07:14:00,Motley Fool,Why Did Elon Musk Sell Tesla's Bitcoin?,https://www.fool.com/investing/2022/07/28/why-did-elon-musk-sell-teslas-bitcoin/?source=eptyholnk0000202&utm_source=yahoo-host&utm_medium=feed&utm_campaign=article,None
2022-07-28 06:00:00,Yahoo Finance Video,'We have woefully surrendered our energy independence': Bob Nardelli,https://finance.yahoo.com/video/woefully-surrendered-energy-independence-bob-100000873.html,None
2022-07-28 06:00:00,Yahoo Finance Video,Influencers with Andy Serwer: Bob Nardelli,https://finance.yahoo.com/video/influencers-andy-serwer-bob-nardelli-100000908.html,None
2022-07-28 05:41:00,Motley Fool,5 Monster Growth Stocks Begging to Be Bought,https://www.fool.com/investing/2022/07/28/5-monster-growth-stocks-begging-to-be-bought/?source=eptyholnk0000202&utm_source=yahoo-host&utm_medium=feed&utm_campaign=article,None
2022-07-28 03:59:00,Reuters,"Wary shoppers muddy outlook for tech, auto firms in Asia",https://finance.yahoo.com/news/wary-shoppers-muddy-outlook-tech-075908800.html,None
2022-07-28 03:50:00,Reuters,"WRAPUP 1-Wary shoppers muddy outlook for tech, auto firms in Asia",https://finance.yahoo.com/news/wrapup-1-wary-shoppers-muddy-075030823.html,None
2022-07-28 02:48:00,Reuters,"UPDATE 2-Panasonic's Q1 profit hit by China lockdowns, rising material costs",https://finance.yahoo.com/news/1-panasonic-posts-39-drop-064854467.html,None
2022-07-28 02:31:00,Reuters,UPDATE 4-Stellantis CEO says easing chip crunch could throttle back pricing power,https://finance.yahoo.com/news/1-stellantis-posts-record-h1-063111906.html,None
2022-07-27 22:53:00,Bloomberg,"Senate Deal Includes EV Tax Credits Sought by Tesla, Toyota",https://finance.yahoo.com/news/senate-deal-includes-ev-tax-015704318.html,None
2022-07-27 21:57:00,Bloomberg,"Senate Deal Includes EV Tax Credits Sought by Tesla, Toyota",https://finance.yahoo.com/news/senate-deal-includes-ev-tax-234733473.html,None
2022-07-27 21:27:00,Bloomberg,"Whats in the Manchin-Schumer Deal on Taxes, Climate and Energy",https://finance.yahoo.com/news/manchin-schumer-deal-taxes-climate-012741983.html,None
2022-07-27 19:03:00,TipRanks,"Tesla: The Downsides to Becoming a Mass Market Player, According to Morgan Stanley",https://finance.yahoo.com/news/tesla-downsides-becoming-mass-market-230320460.html,None
2022-07-27 17:29:00,Reuters,Twitter accepts Oct. 17 trial but is concerned Musk will try to delay,https://finance.yahoo.com/news/twitter-says-does-not-object-212941813.html,None
2022-07-27 16:59:00,Investor's Business Daily,"Ford Stock Jumps As Auto Giant Affirms Outlook, Hikes Dividend After Q2 Earnings Crush",https://www.investors.com/news/ford-earnings-q2-ford-stock/?src=A00220,None
2022-07-27 16:48:00,Barrons.com,Fords Earnings Needed To Clear a High Bar. They Didand the Stock Is Soaring.,https://www.barrons.com/articles/ford-earnings-stock-what-to-expect-51658923209?siteid=yhoof2,None
2022-07-27 16:38:00,Bloomberg,Oracle's Larry Ellison Can Win Lawsuit Even If He Loses,https://finance.yahoo.com/news/oracles-larry-ellison-win-lawsuit-120000603.html,None
2022-07-27 16:36:00,Yahoo Finance Video,"Ford stock tops earnings expectations, revenue exceeds $40 billion",https://finance.yahoo.com/video/ford-stock-tops-earnings-expectations-203629395.html,None
2022-07-27 16:19:00,Barrons.com,Fords Earnings Needed To Clear a High Bar. They Didand the Stock Is Soaring.,https://www.barrons.com/articles/ford-earnings-what-to-expect-51658923209?siteid=yhoof2,None
2022-07-27 15:52:00,Bloomberg,Apple Nabs Key Lamborghini Executive to Work on Its Electric Car,https://finance.yahoo.com/news/apple-nabs-key-lamborghini-executive-195215979.html,None
2022-07-27 15:29:00,Yahoo Finance Video,The U.S. isn't in a 'typical recession': Fmr Home Depot CEO,https://finance.yahoo.com/video/u-isnt-typical-recession-fmr-192958437.html,None
2022-07-27 13:12:00,Bloomberg,"Shopify Cuts Jobs, Joining Netflix and Apple in Slowdown: A Running List",https://finance.yahoo.com/news/microsoft-google-latest-tech-giants-232957843.html,None
2022-07-27 10:40:00,Yahoo Finance Video,"Teva reaches opioid settlement, Credit Suisse names new CEO, Twitter to hold shareholder vote",https://finance.yahoo.com/video/teva-reaches-opioid-settlement-credit-144039441.html,None
2022-07-27 10:30:00,Motley Fool,3 Top Growth Stocks I'd Buy Right Now Without Any Hesitation,https://www.fool.com/investing/2022/07/27/3-top-growth-stocks-id-buy-right-now-without-any-h/?source=eptyholnk0000202&utm_source=yahoo-host&utm_medium=feed&utm_campaign=article,None
2022-07-27 10:18:00,Yahoo Finance Video,"Stocks: Tech leads gains, home builders fall, Sherwin-Williams sinks",https://finance.yahoo.com/video/stocks-tech-leads-gains-home-141855635.html,None
2022-07-27 09:51:00,Investor's Business Daily,"Dow Jones Rises Ahead Of Fed Decision; Alphabet, Microsoft Earnings Miss",https://www.investors.com/market-trend/stock-market-today/dow-jones-futures-rise-ahead-of-fed-decision-alphabet-microsoft-earnings-miss/?src=A00220,None
2022-07-27 09:30:00,Bloomberg,Elon Musk Crafts New Master Plan Before Tesla Pulls Off the Old One,https://finance.yahoo.com/news/elon-musk-crafts-master-plan-133005249.html,None
2022-07-27 08:59:00,Barrons.com,U.S. Consumers Are Trading Down. How to Play It With Options.,https://www.barrons.com/articles/us-consumers-economy-stock-options-51658890005?siteid=yhoof2,None
2022-07-27 08:26:00,Barrons.com,Coinbases Troubles Are Too Much for Cathie Wood as ARK Dumps the Stock,https://www.barrons.com/articles/coinbases-cathie-wood-ark-dumps-stock-51658924735?siteid=yhoof2,None
2022-07-27 08:01:00,Insider Monkey,Tesla (TSLA):Facing Temporary Challenges,https://finance.yahoo.com/news/tesla-tsla-facing-temporary-challenges-120121163.html,None
2022-07-27 07:18:00,MarketWatch,Elon Musk is hitting peak hubris with his high-risk Twitter and bitcoin plays. Tesla shareholders should be concerned.,https://www.marketwatch.com/story/elon-musk-is-hitting-peak-hubris-with-his-high-risk-twitter-and-bitcoin-plays-tesla-shareholders-should-be-concerned-11658908335?siteid=yhoof2,None
2022-07-27 06:08:00,Motley Fool,Nio Is Down 70% From All-Time Highs. Here Are 2 Reasons Why It's Worth a Second Chance.,https://www.fool.com/investing/2022/07/27/nio-is-down-70-from-highs-2-reasons-to-buy/?source=eptyholnk0000202&utm_source=yahoo-host&utm_medium=feed&utm_campaign=article,None
2022-07-27 06:00:00,Yahoo Finance Video,Fmr Home Depot CEO disputes book's characterization of business legend Jack Welch,https://finance.yahoo.com/video/fmr-home-depot-ceo-disputes-100000045.html,None
2022-07-27 05:13:00,TheStreet.com,Elon Musk Denies Wrecking a Billion Dollar Marriage,https://www.thestreet.com/technology/elon-musk-denies-being-a-marriage-wrecker?puc=yahoo&cm_ven=YAHOO,None
2022-07-27 03:45:00,Reuters,Neoen Australia battery to provide grid stabilisation service in world first,https://finance.yahoo.com/news/neoen-australia-battery-grid-stabilisation-074508183.html,None
2022-07-27 03:23:00,Reuters,Neoen Australia battery to provide grid stabilisation service in world first,https://finance.yahoo.com/news/neoen-australia-battery-grid-stabilisation-072301819.html,None
2022-07-27 02:45:00,Barrons.com,U.S. Consumers Are Trading Down. How to Play It With Options.,https://www.barrons.com/articles/u-s-consumers-are-trading-down-51658890005?siteid=yhoof2,None
2022-07-27 00:09:00,The Independent,Twitter sets date for shareholders to vote on Elon Musks $44bn takeover offer,https://finance.yahoo.com/news/twitter-sets-date-shareholders-vote-224344566.html,None
2022-07-26 20:52:00,Reuters,UPDATE 4-S.Korea's LGES plans new EV battery plant in Europe,https://finance.yahoo.com/news/1-lg-energy-solution-quarterly-005238866.html,None
2022-07-26 18:50:00,TheStreet.com,Elon Musk Chooses His 9 to 5 Over Hollywood,https://www.thestreet.com/technology/elon-musk-chooses-between-fame-and-his-goals?puc=yahoo&cm_ven=YAHOO,None
2022-07-26 18:38:00,Barrons.com,Twitter Sets Shareholder Vote on Musk Deal Before Trial,https://www.barrons.com/articles/twitter-shareholder-vote-musk-deal-trial-51658874973?siteid=yhoof2,None
2022-07-26 18:15:00,Reuters,Twitter to hold shareholder vote on Musk's offer in September,https://finance.yahoo.com/news/twitter-hold-shareholder-vote-musks-221531736.html,None
2022-07-26 17:26:00,Bloomberg,Twitter ShareholdersÂ Will Get Say on Elon Musk Deal in September,https://finance.yahoo.com/news/twitter-shareholders-elon-musk-deal-212626325.html,None
2022-07-26 16:54:00,Reuters,UPDATE 1-U.S. probes Tesla crash that killed motorcyclist in Utah,https://finance.yahoo.com/news/1-u-probes-tesla-crash-205440221.html,None
2022-07-26 16:51:00,Variety,"Twitter Spent $33 Million on Elon Musk Deal in Q2, Sets Date for Shareholder Vote on Transaction",https://finance.yahoo.com/news/twitter-spent-33-million-elon-205150914.html,None
2022-07-26 16:41:00,MarketWatch,"Dow closes nearly 250 points lower as worries about big tech earnings, Fed decision bite",https://www.marketwatch.com/story/u-s-stock-futures-slip-after-walmart-profit-warning-11658826810?siteid=yhoof2,None
2022-07-26 16:23:00,Yahoo Finance Video,"Nasdaq edges into three-day losing streak, markets settle in the red",https://finance.yahoo.com/video/nasdaq-edges-three-day-losing-202316125.html,None
2022-07-26 16:17:00,Reuters,U.S. probes Tesla crash that killed motorcyclist in Utah,https://finance.yahoo.com/news/u-probes-tesla-crash-killed-201733776.html,None
2022-07-26 15:37:00,Motley Fool,"Why Tesla, Lucid, and Nio Stocks Were All Falling Today",https://www.fool.com/investing/2022/07/26/why-tesla-lucid-and-nio-stocks-were-all-falling-to/?source=eptyholnk0000202&utm_source=yahoo-host&utm_medium=feed&utm_campaign=article,None
2022-07-26 13:46:00,MarketWatch,Institutions sold $5 billion bitcoin for the past two months. Where will the crypto head next?,https://www.marketwatch.com/story/institutions-sold-5-billion-bitcoin-for-the-past-two-months-where-will-the-crypto-head-next-11658857571?siteid=yhoof2,None
2022-07-26 13:06:00,Investor's Business Daily,"Top Millennial, Gen Z Picks Shift To Dividend-Paying Stocks; No. 1 Stock Tesla May Get Millions To Open Supercharger Network In California",https://www.investors.com/news/top-millennial-and-gen-z-stock-picks-from-tesla-to-apple-should-you-buy-them-too/?src=A00220,None
2022-07-26 12:59:00,Yahoo Finance Video,"Auto industry really struggling due to chip shortage, analyst says",https://finance.yahoo.com/video/auto-industry-really-struggling-due-165946999.html,None
2022-07-26 12:46:00,Bloomberg,Mexicos Super Peso Shocks Traders Who Had Bet on Wipeout,https://finance.yahoo.com/news/mexico-super-peso-shocks-traders-100000643.html,None
2022-07-26 11:39:00,Yahoo Finance,Shopify stock sinks 15% amid layoffs,https://finance.yahoo.com/news/shopify-stock-sinks-15-amid-layoffs-153953424.html,None
2022-07-26 11:26:00,Barrons.com,GM Announces Big EV Battery Deals as It Targets Tesla,https://www.barrons.com/articles/gm-lg-chem-livent-stock-price-ev-batteries-51658820953?siteid=yhoof2,None
2022-07-26 11:25:00,Barrons.com,Shopify to Lay Off 10% of Workforce. The Stock Is Plunging.,https://www.barrons.com/articles/shopify-stock-job-cuts-layoffs-51658841115?siteid=yhoof2,None
2022-07-26 10:56:00,Yahoo Finance Video,General Motors earnings have been one stumble after another: Analyst,https://finance.yahoo.com/video/general-motors-earnings-one-stumble-145603966.html,None
2022-07-26 10:23:00,Reuters,UPDATE 1-Elon Musk asks judge to start Twitter trial on Oct. 17,https://finance.yahoo.com/news/1-elon-musk-asks-judge-142352027.html,None
2022-07-26 10:04:00,Yahoo Finance Video,"Billionaires Musk, Bezos, and Arnault lose $115 billion in bear market",https://finance.yahoo.com/video/billionaires-musk-bezos-arnault-lose-140437990.html,None
2022-07-26 09:45:00,Investor's Business Daily,"Dow Jones Falls As Walmart Plunges On Profit Warning; Alphabet, Microsoft Earnings Due",https://www.investors.com/market-trend/stock-market-today/dow-jones-futures-fall-as-walmart-plunges-on-profit-warning-alphabet-microsoft-earnings-due/?src=A00220,None
2022-07-26 09:07:00,Insider Monkey,Russia-Ukraine War Will Affect These 10 Stocks in the Future,https://finance.yahoo.com/news/russia-ukraine-war-affect-10-130743562.html,None
2022-07-26 09:00:00,Zacks,"Tesla, Inc. (TSLA) Is a Trending Stock: Facts to Know Before Betting on It",https://finance.yahoo.com/news/tesla-inc-tsla-trending-stock-130001632.html,None
2022-07-26 08:02:00,Barrons.com,GM Announces Big EV Battery Deals as It Targets Tesla,https://www.barrons.com/articles/gm-stock-price-ev-batteries-51658820953?siteid=yhoof2,None
2022-07-26 07:49:00,Benzinga,Former Tesla Veteran Headed EV Battery Firm Redwood Materials Earmarks $3.5B For Nevada Plant: WSJ,https://finance.yahoo.com/news/former-tesla-veteran-headed-ev-114942963.html,None
2022-07-26 07:35:00,Investor's Business Daily,Dow Jones Futures Fall As Walmart Dives On Profit Guidance Cut; What To Do Ahead Of Fed Decision,https://www.investors.com/market-trend/stock-market-today/dow-jones-futures-what-to-do-ahead-of-fed-decision-walmart-dives-on-profit-guidance-cut/?src=A00220,None
2022-07-26 06:36:00,Motley Fool,How to Buy Tesla for the Cost of a Penny Stock,https://www.fool.com/investing/2022/07/26/how-to-buy-tesla-for-the-cost-of-a-penny-stock/?source=eptyholnk0000202&utm_source=yahoo-host&utm_medium=feed&utm_campaign=article,None
2022-07-26 06:05:00,Motley Fool,3 Elon Musk Comments That Could Change Your Mind About Tesla Stock,https://www.fool.com/investing/2022/07/26/elon-musk-could-change-your-mind-about-tesla-stock/?source=eptyholnk0000202&utm_source=yahoo-host&utm_medium=feed&utm_campaign=article,None
2022-07-26 04:26:00,Bloomberg,"Porsche IPO, Software Fix: What Awaits VWs New CEO",https://finance.yahoo.com/news/porsche-ipo-tesla-chase-software-040000070.html,None
2022-07-25 21:29:00,Investor's Business Daily,Dow Jones Futures Fall As Walmart Dives On Profit Guidance Cut; What To Do Ahead Of Fed Decision,https://www.investors.com/market-trend/stock-market-today/dow-jones-futures-what-to-do-ahead-of-fed-decision-walmart-dives-on-profit-guidance-cut/?src=A00220,None
2022-07-25 16:58:00,Investor's Business Daily,Is Tesla Stock A Buy With The June Earnings Report In Rear-View Mirror?,https://www.investors.com/news/technology/tesla-stock-is-it-a-buy-now/?src=A00220,None
2022-07-25 16:10:00,Yahoo Finance Video,"S&P rallies into the green, energy stocks surge into the close",https://finance.yahoo.com/video/p-rallies-green-energy-stocks-201003025.html,None
2022-07-25 16:07:00,Investor's Business Daily,Tesla Stock Vs. BYD Stock: Tesla Soars On Earnings; China EV Giant Targets Japan,https://www.investors.com/news/tesla-stock-vs-byd-stock-comparing-ev-stocks-tsla-byddf/?src=A00220,None
2022-07-25 16:06:00,TheStreet.com,We're Charged Up About These Moves,https://aap.thestreet.com/story/16061201/1/we-re-charged-up-about-these-moves.html,None
2022-07-25 15:53:00,Yahoo Finance Video,"Tesla seeks to expand EV charging network, boosts annual spending up to $8 billion",https://finance.yahoo.com/video/tesla-seeks-expand-ev-charging-195355453.html,None
2022-07-25 15:52:00,Yahoo Finance,"Uber data case, Voyager bankruptcy, and Musk's tweets: 3 legal stories to watch",https://finance.yahoo.com/news/uber-data-case-voyager-bankruptcy-and-musks-tweets-3-legal-stories-to-watch-195226265.html,None
2022-07-25 15:02:00,TheStreet.com,Musk Says One Thing Is Central to the Future of the Car,https://www.thestreet.com/technology/musk-says-one-thing-is-central-to-the-future-of-the-car?puc=yahoo&cm_ven=YAHOO,None
2022-07-25 14:47:00,Zacks,"Tesla Beat on Earnings, But There's More to the Story",https://finance.yahoo.com/news/tesla-beat-earnings-theres-more-184706542.html,None
2022-07-25 14:12:00,Reuters,NGOs ask Musk to not invest in Indonesia's nickel industry over environmental worries,https://finance.yahoo.com/news/ngos-ask-musk-not-invest-181225013.html,None
2022-07-25 14:05:00,Reuters,NGOs ask Musk to not invest in Indonesia's nickel industry over environmental worries,https://finance.yahoo.com/news/ngos-ask-musk-not-invest-180517491.html,None
2022-07-25 13:45:00,Yahoo Finance,"Amazon, Google, Facebook, and Microsoft earnings: A crucial week for Big Tech",https://finance.yahoo.com/news/amazon-google-facebook-microsoft-earnings-a-crucial-week-for-big-tech-174507009.html,None
2022-07-25 13:40:00,Investor's Business Daily,Is Li Auto Stock A Buy After China EV Maker's Huge Run?,https://www.investors.com/research/li-auto-stock-buy-now/?src=A00220,None
2022-07-25 13:36:00,The Wall Street Journal,Tesla Records $170 Million Impairment Charge on Bitcoin,https://www.wsj.com/articles/tesla-records-170-million-impairment-charge-on-bitcoin-11658751201?siteid=yhoof2,None
2022-07-25 12:58:00,MarketWatch,"These 20 stocks still have at least 48% upside, analysts say, despite the S&P 500s 8% gain from its lows",https://www.marketwatch.com/story/these-20-stocks-still-have-at-least-48-upside-analysts-say-despite-the-s-p-500s-8-gain-from-its-lows-11658768292?siteid=yhoof2,None
2022-07-25 12:00:00,Motley Fool,"Why Lucid, ChargePoint, and Blink Charging Stocks All Dropped Monday",https://www.fool.com/investing/2022/07/25/why-lucid-chargepoint-and-blink-charging-dropped/?source=eptyholnk0000202&utm_source=yahoo-host&utm_medium=feed&utm_campaign=article,None
2022-07-25 11:45:00,Yahoo Finance Video,China leads world in public EV charging connectors,https://finance.yahoo.com/video/china-leads-world-public-ev-154541304.html,None
2022-07-25 11:22:00,Yahoo Finance Video,"Market check: Nasdaq trades lower, bitcoin dips below $22,000",https://finance.yahoo.com/video/market-check-nasdaq-trades-lower-152225668.html,None
2022-07-25 11:20:00,Fortune,What does the departure of Volkswagens highly respected CEO mean for Tesla? The pros and cons,https://finance.yahoo.com/news/does-departure-volkswagen-highly-respected-152051425.html,None
2022-07-25 11:00:00,Yahoo Finance Video,Volkswagen ousts CEO Herbert Diess amid push to EVs,https://finance.yahoo.com/video/volkswagen-ousts-ceo-herbert-diess-150018154.html,None
2022-07-25 10:45:00,Bloomberg,Hedged Tesla Fund Promises Buffer From Wild Swings in Carmaker,https://finance.yahoo.com/news/hedged-tesla-fund-promises-buffer-144500391.html,None
2022-07-25 10:43:00,Yahoo Finance Video,"Apple offers discounts in China, Nope records $44 million debut, Musk-Brin friendship allegedly over",https://finance.yahoo.com/video/apple-offers-discounts-china-nope-144350375.html,None
2022-07-25 10:37:00,Investor's Business Daily,Amazon Debuts Rivian Delivery Vans; Is Rivian Stock A Buy?,https://www.investors.com/news/rivian-stock-to-buy-rivian-ipo/?src=A00220,None
2022-07-25 10:33:00,Investor's Business Daily,"Top Millennial, Gen Z Picks Shift To Dividend-Paying Stocks; No. 1 Stock Tesla Roars Ahead After Beating Earnings Estimates",https://www.investors.com/news/top-millennial-and-gen-z-stock-picks-from-tesla-to-apple-should-you-buy-them-too/?src=A00220,None
2022-07-25 09:47:00,TheStreet.com,Elon Musk Denies Wrecking a Marriage,https://www.thestreet.com/technology/elon-musk-denies-being-a-marriage-wrecker?puc=yahoo&cm_ven=YAHOO,None
2022-07-25 09:41:00,Insider Monkey,Cathie Woods 10 Favorite Stock Picks for the Rest of 2022,https://finance.yahoo.com/news/cathie-wood-10-favorite-stock-134128967.html,None
2022-07-25 09:36:00,Bloomberg,"Tesla Boosts Capital Spending Plan, Reveals New SEC Subpoena",https://finance.yahoo.com/news/tesla-boosts-capital-spending-plans-121735395.html,None
2022-07-25 09:21:00,Motley Fool,"GM Wins, Tesla Loses in Latest J.D. Power Report",https://www.fool.com/investing/2022/07/25/gm-wins-tesla-loses-in-latest-jd-power-report/?source=eptyholnk0000202&utm_source=yahoo-host&utm_medium=feed&utm_campaign=article,None
2022-07-25 09:01:00,MarketWatch,Tesla says it received June subpoena regarding its governance in wake of Musk's take-private tweet,https://www.marketwatch.com/story/tesla-says-it-received-june-subpoena-regarding-its-governance-in-wake-of-musks-take-private-tweet-2022-07-25?siteid=yhoof2,None
2022-07-25 08:33:00,Barrons.com,Tesla Wasnt a Money Furnace After All. What It Means for the Stock  and Its Bonds.,https://www.barrons.com/articles/tesla-stock-price-elon-musk-51658666974?siteid=yhoof2,None
2022-07-25 08:15:00,Motley Fool,3 Stocks to Avoid This Week,https://www.fool.com/investing/2022/07/25/3-stocks-to-avoid-this-week/?source=eptyholnk0000202&utm_source=yahoo-host&utm_medium=feed&utm_campaign=article,None
2022-07-25 08:00:00,Investor's Business Daily,Everyone (Except Boomers) Thinks This Is The Best Stock To Own,https://www.investors.com/etfs-and-funds/sectors/sp500-boomers-are-the-only-ones-who-dont-think-this-is-the-best-stock/?src=A00220,None
2022-07-25 08:00:00,Zacks,Pain Ahead for Bitcoin & Related ETFs?,https://finance.yahoo.com/news/pain-ahead-bitcoin-related-etfs-120012396.html,None
2022-07-25 07:16:00,Bloomberg,Elon Musk Denies Report of Affair With Sergey Brins Wife,https://finance.yahoo.com/news/elon-musk-denies-report-had-030110509.html,None
2022-07-25 07:03:00,Reuters,UPDATE 2-Tesla gets second SEC subpoena over Musk's 2018 go-private tweet,https://finance.yahoo.com/news/1-tesla-gets-second-subpoena-110302304.html,None
2022-07-25 06:59:00,TheStreet.com,"Tesla Reveals $170 Million Bitcoin Loss, New Subpoena Linked to Musk 'Take Private' Tweets",https://www.thestreet.com/markets/tesla-reveals-170-million-bitcoin-loss-new-subpoena-from-sec?puc=yahoo&cm_ven=YAHOO,None
2022-07-25 06:58:00,MarketWatch,Elon Musk denies alleged affair with Google co-founder Sergey Brin's wife as 'total bs',https://www.marketwatch.com/story/elon-musk-denies-alleged-affair-with-google-co-founder-sergey-brins-wife-as-total-bs-2022-07-25?siteid=yhoof2,None
2022-07-25 06:41:00,Reuters,Tesla gets second SEC subpoena over Musk's 2018 go-private tweet,https://finance.yahoo.com/news/tesla-gets-subpoena-over-musks-104155220.html,None
2022-07-25 06:38:00,Reuters,Tesla gets subpoena over Musk's 2018 go-private tweets - filing,https://finance.yahoo.com/news/tesla-gets-subpoena-over-musks-103806448.html,None
2022-07-25 04:26:00,Bloomberg,"China Seals Off IPhone Maker, CNOOC in Shenzhen to Battle Covid",https://finance.yahoo.com/news/china-seals-off-iphone-maker-082612014.html,None
2022-07-25 01:45:00,The Independent,Elon Musk reacts to alleged affair with Google co-founder Sergey Brins ex-wife,https://finance.yahoo.com/news/elon-musk-reacts-alleged-affair-054539620.html,None
2022-07-25 01:05:00,Reuters,Musk denies 'romantic' affair with Google co-founder Brin's wife,https://finance.yahoo.com/news/musk-denies-romantic-affair-google-050507240.html,None
2022-07-25 00:30:00,The Wall Street Journal,Elon Musks Friendship With Sergey Brin Ruptured by Alleged Affair,https://www.wsj.com/articles/elon-musk-affair-sergey-brin-wife-divorce-11658674840?siteid=yhoof2,None
2022-07-24 17:00:00,Yahoo Finance,"Bear Market: Dont be fooled by short rallies, says strategist",https://finance.yahoo.com/news/bear-market-dont-be-fooled-short-rallies-strategist-210041646.html,None
2022-07-24 15:08:00,Bloomberg,Sergey Brin Ordered Sale of Musk Investments After Affair: WSJ,https://finance.yahoo.com/news/sergey-brin-ordered-sale-musk-190817370.html,None
2022-07-24 11:17:00,Motley Fool,Tesla Q2 Earnings Call: 3 Must-See Quotes From Elon Musk,https://www.fool.com/investing/2022/07/24/tesla-q2-earnings-call-3-must-see-quotes-from-elon/?source=eptyholnk0000202&utm_source=yahoo-host&utm_medium=feed&utm_campaign=article,None
2022-07-24 10:05:00,MoneyWise,Drivers have decided Teslas are worth the higher sticker price  but are they prepared to get burned on insurance?,https://finance.yahoo.com/news/drivers-decided-teslas-worth-higher-220000395.html,None
2022-07-24 10:00:00,Bloomberg,Battered Bitcoin Devotees Begin to Contemplate a Market Bottom,https://finance.yahoo.com/news/battered-bitcoin-devotees-begin-contemplate-140000843.html,None
2022-07-24 09:44:00,Motley Fool,Want to Invest in Management Teams Like Amazon's? Here's What to Look for,https://www.fool.com/investing/2022/07/24/invest-in-management-like-amazons-what-to-look-for/?source=eptyholnk0000202&utm_source=yahoo-host&utm_medium=feed&utm_campaign=article,None
2022-07-24 08:15:00,Motley Fool,3 Growth Stocks for the Next 10 Years and Beyond,https://www.fool.com/investing/2022/07/24/3-growth-stocks-for-the-next-10-years-and-beyond/?source=eptyholnk0000202&utm_source=yahoo-host&utm_medium=feed&utm_campaign=article,None
2022-07-24 07:30:00,Motley Fool,Does Tesla Deserve a Trillion Dollar Valuation?,https://www.fool.com/investing/2022/07/24/does-tesla-deserve-a-trillion-dollar-valuation/?source=eptyholnk0000202&utm_source=yahoo-host&utm_medium=feed&utm_campaign=article,None
2022-07-24 06:20:00,Motley Fool,My Top EV Stock to Buy in July,https://www.fool.com/investing/2022/07/24/my-top-ev-stock-to-buy-in-july/?source=eptyholnk0000202&utm_source=yahoo-host&utm_medium=feed&utm_campaign=article,None
2022-07-24 06:00:00,The Wall Street Journal,Tesla Looks to Open Its EV-Charging Network,https://www.wsj.com/articles/tesla-looks-to-open-its-ev-charging-network-11658656802?siteid=yhoof2,None
2022-07-23 17:03:00,The Wall Street Journal,Tesla Is Set for Settlement Talks Over Musk Tweets About Taking Company Private,https://www.wsj.com/articles/tesla-is-set-for-settlement-talks-over-musk-tweets-about-taking-company-private-11658610181?siteid=yhoof2,None
2022-07-23 12:37:00,Motley Fool,Is Now the Time to Buy Electric Vehicle Stocks?,https://www.fool.com/investing/2022/07/23/is-now-the-time-to-buy-electric-vehicle-stocks/?source=eptyholnk0000202&utm_source=yahoo-host&utm_medium=feed&utm_campaign=article,None
2022-07-23 12:33:00,TheStreet.com,Elon Musk Has a Very Important Appointment on October 3,https://www.thestreet.com/technology/elon-musk-has-a-very-important-appointment-on-october-3?puc=yahoo&cm_ven=YAHOO,None
2022-07-23 12:32:00,TheStreet.com,Musk Says China Made the Right Choice on this Crucial Debate,https://www.thestreet.com/technology/elon-musk-applauds-a-smart-move-by-china?puc=yahoo&cm_ven=YAHOO,None
2022-07-23 11:00:00,TheStreet.com,Elon Musk Has Likely Downloaded His Brain into a Robot,https://www.thestreet.com/technology/elon-musk-has-likely-downloaded-his-brain-into-a-robot?puc=yahoo&cm_ven=YAHOO,None
2022-07-23 10:00:00,Motley Fool,Looking Forward: How Will Tesla Handle Increased EV Competition?,https://www.fool.com/investing/2022/07/23/looking-forward-how-will-tesla-handle-increased-ev/?source=eptyholnk0000202&utm_source=yahoo-host&utm_medium=feed&utm_campaign=article,None
2022-07-23 08:03:00,Yahoo Finance,Buttigieg: 3 reasons government 'needs to encourage' EV transformation,https://finance.yahoo.com/news/buttigieg-3-reasons-government-needs-to-encourage-ev-transformation-120301872.html,None
2022-07-23 07:13:00,Motley Fool,"3 Signs the Market Will Dip Further, and 3 Signs We May Have Hit the Bottom",https://www.fool.com/investing/2022/07/23/3-bullish-and-3-bearish-market-signs/?source=eptyholnk0000202&utm_source=yahoo-host&utm_medium=feed&utm_campaign=article,None
2022-07-23 00:01:00,The Wall Street Journal,Driving My Tesla to the Dark Side,https://www.wsj.com/articles/driving-my-tesla-to-the-dark-side-11658548862?siteid=yhoof2,None
2022-07-22 16:46:00,Yahoo Finance Video,"Tesla gets exclusive drive-through line at U.S.-Mexico border, Volkswagen CEO steps down",https://finance.yahoo.com/video/tesla-gets-exclusive-drive-line-204618103.html,None
2022-07-22 16:15:00,Bloomberg,"Snap Craters as Sales Disappoint, Erases $130 Billion From Peers",https://finance.yahoo.com/news/meta-alphabet-knocked-down-snap-210613092.html,None
2022-07-22 16:10:00,Bloomberg,Alphabet Stock Split Lands With a Thud in Worry-Filled Market,https://finance.yahoo.com/news/alphabet-stock-split-lands-thud-150857055.html,None
2022-07-22 16:01:00,Yahoo Finance Video,ARKK has worst trading day in nine sessions,https://finance.yahoo.com/video/arkk-worst-trading-day-nine-200137478.html,None
2022-07-22 16:01:00,Reuters,"Herbert Diess, Volkswagen's disruptor-in-chief, runs out of road",https://finance.yahoo.com/news/herbert-diess-volkswagens-disruptor-chief-200132927.html,None
2022-07-22 15:47:00,Reuters,"NEWSMAKER-Herbert Diess, Volkswagen's disruptor-in-chief, runs out of road",https://finance.yahoo.com/news/newsmaker-herbert-diess-volkswagens-disruptor-194737957.html,None
2022-07-22 15:44:00,Yahoo Finance Video,Tesla has the largest short in the U.S. market at nearly $2.7 billion,https://finance.yahoo.com/video/tesla-largest-short-u-market-194441050.html,None
2022-07-22 15:18:00,Investor's Business Daily,Dow Jones Falls; Nasdaq Slammed On Snap Earnings; Twitter Up As It Blames Elon Musk For This,https://www.investors.com/market-trend/stock-market-today/dow-jones-falls-nasdaq-slammed-on-snap-earnings-twitter-stock-blames-elon-musk-for-this/?src=A00220,None
2022-07-22 14:47:00,Fortune,Elon Musks longtime frenemy Herbert Diess sacked as CEO of Volkswagen,https://finance.yahoo.com/news/elon-musk-longtime-frenemy-herbert-184734728.html,None
2022-07-22 14:32:00,Bloomberg,Gold Gains as Investors Weigh Growth Concerns; Palladium Jumps,https://finance.yahoo.com/news/gold-holds-gain-traders-weigh-011811388.html,None
2022-07-22 14:20:00,Yahoo Finance,Tesla's $100 billion rally costs short sellers at least $1 billion,https://finance.yahoo.com/news/tesla-short-seller-rally-182023862.html,None
2022-07-22 13:34:00,Motley Fool,Why Tesla Shares Are Up on a Market Down Day,https://www.fool.com/investing/2022/07/22/why-tesla-shares-are-up-on-a-market-down-day/?source=eptyholnk0000202&utm_source=yahoo-host&utm_medium=feed&utm_campaign=article,None
2022-07-22 13:28:00,Yahoo Finance,"Bitcoin and Twitter are 'black eyes' for Tesla, Wedbush's Dan Ives explains",https://finance.yahoo.com/news/bitcoin-twitter-black-eyes-for-tesla-wedbush-dan-ives-172838716.html,None
2022-07-22 13:14:00,The Independent,"Elon Musk says Im rubber, Twitters glue after social media company blames him for declining revenue",https://finance.yahoo.com/news/elon-musk-says-m-rubber-145639566.html,None
2022-07-22 12:57:00,TheStreet.com,Tesla Has People in China Talking for the Wrong Reasons,https://www.thestreet.com/technology/tesla-has-people-talking-for-the-wrong-reasons-in-china?puc=yahoo&cm_ven=YAHOO,None
2022-07-22 11:16:00,The Wall Street Journal,The Force That Can Lift Stocks but Wreck You,https://www.wsj.com/articles/single-stock-etfs-leverage-11658502932?siteid=yhoof2,None
2022-07-22 11:12:00,Investor's Business Daily,"Stock Market Rally Breaks Higher; Tesla, Netflix, Snap, United Airlines Key Earnings: Weekly Review",https://www.investors.com/news/stock-market-rally-breaks-higher-as-tesla-netflix-snap-united-airlines-earnings/?src=A00220,None
2022-07-22 11:07:00,Yahoo Finance Video,"Buzz Aldrin items up for auction, Tesla gets own lane at U.S.-Mexico border, Disney+ adds R-rated movies",https://finance.yahoo.com/video/buzz-aldrin-items-auction-tesla-150729723.html,None
2022-07-22 10:53:00,Motley Fool,3 Explosive Stocks to Buy Right Now,https://www.fool.com/investing/2022/07/22/3-explosive-stocks-to-buy-right-now/?source=eptyholnk0000202&utm_source=yahoo-host&utm_medium=feed&utm_campaign=article,None
2022-07-22 10:34:00,Yahoo Finance Video,GMs Cadillac debuts luxury Celestiq electric vehicle,https://finance.yahoo.com/video/gm-cadillac-debuts-luxury-celestiq-143449896.html,None
2022-07-22 10:07:00,Yahoo Finance Video,"Snap earnings: Were in an online ad market recession, analyst says",https://finance.yahoo.com/video/snap-earnings-online-ad-market-140700193.html,None
2022-07-22 10:00:00,TheStreet.com,Tesla's Textbook Breakout Is a Sign of Things to Come,https://realmoney.thestreet.com/investing/stocks/tesla-s-textbook-breakout-is-a-sign-of-things-to-come-16059830?puc=yahoo&cm_ven=YAHOO,None
2022-07-22 09:58:00,Bloomberg,Twitter Sales Miss Estimates Amid Takeover Battle With Musk,https://finance.yahoo.com/news/twitter-sales-miss-estimates-amid-135856633.html,None
2022-07-22 09:57:00,TheStreet.com,Twitter Posts Surprise Q2 Loss Linked to Elon Musk Takeover Uncertainty,https://www.thestreet.com/markets/twitter-stock-slides-on-surprise-q2-loss-linked-to-musk-takeover?puc=yahoo&cm_ven=YAHOO,None
2022-07-22 09:55:00,Yahoo Finance Video,"Market check: Dow leads indices, energy stocks gain, wheat futures fall",https://finance.yahoo.com/video/market-check-dow-leads-indices-135506717.html,None
2022-07-22 09:52:00,Investor's Business Daily,"Dow Jones Rises, Tech Stocks Slip As Snap Crashes 33% On Earnings",https://www.investors.com/market-trend/stock-market-today/dow-jones-futures-rise-tech-futures-slide-as-snap-crashes-30-on-earnings/?src=A00220,None
2022-07-22 09:42:00,Motley Fool,Here's the Next Stock-Split Stock to Buy After Alphabet,https://www.fool.com/investing/2022/07/22/next-stock-split-stock-buy-after-alphabet-tesla/?source=eptyholnk0000202&utm_source=yahoo-host&utm_medium=feed&utm_campaign=article,None
2022-07-22 09:30:00,Zacks,"Stock Market News for Jul 22, 2022",https://finance.yahoo.com/news/stock-market-news-jul-22-133001067.html,None
2022-07-22 09:28:00,The Telegraph,Twitter blames Elon Musk for $270m loss,https://finance.yahoo.com/news/twitter-blames-elon-musk-270m-132857001.html,None
2022-07-22 09:20:00,Yahoo Finance Video,"Twitter reports earnings miss, citing Elon Musk's takeover bid",https://finance.yahoo.com/video/twitter-reports-earnings-miss-citing-132000336.html,None
2022-07-22 09:14:00,Insider Monkey,10 Stocks to Buy Now According to David Einhorns Greenlight Capital,https://finance.yahoo.com/news/10-stocks-buy-now-according-131458946.html,None
2022-07-22 09:12:00,Insider Monkey,10 Companies That Just Smashed Earnings Estimates,https://finance.yahoo.com/news/10-companies-just-smashed-earnings-131255249.html,None
2022-07-22 08:35:00,Barrons.com,Twitter Swings to a Loss but the Focus Is Still on the Elon Musk Case,https://www.barrons.com/articles/twitter-earnings-stock-elon-musk-51658431732?siteid=yhoof2,None
2022-07-22 08:11:00,Investor's Business Daily,Dow Jones Futures: Snap Crash Hits Online Giants After Tesla Drives Market Rally Higher,https://www.investors.com/market-trend/stock-market-today/dow-jones-futures-tesla-drives-market-rally-higher-snap-crash-hits-online-giants/?src=A00220,None
2022-07-22 08:08:00,Yahoo Finance,"Twitter misses Q2 expectations, blames economy and Elon Musk",https://finance.yahoo.com/news/twitter-q2-earnings-2022-120804004.html,None
2022-07-22 06:15:00,Investor's Business Daily,Dow Jones Futures Fall: Snap Crash Hits Online Giants After Tesla Drives Market Rally Higher,https://www.investors.com/market-trend/stock-market-today/dow-jones-futures-tesla-drives-market-rally-higher-snap-crash-hits-online-giants/?src=A00220,None
2022-07-22 05:21:00,Motley Fool,2 Stock-Split Stocks to Buy Hand Over Fist and 1 to Avoid Like the Plague,https://www.fool.com/investing/2022/07/22/2-stock-split-stocks-to-buy-1-to-avoid-like-plague/?source=eptyholnk0000202&utm_source=yahoo-host&utm_medium=feed&utm_campaign=article,None
2022-07-21 19:48:00,Investor's Business Daily,Tesla Stock Vs. BYD Stock: Tesla Soars On Earnings; China EV Giant Targets Japan,https://www.investors.com/news/tesla-stock-vs-byd-stock-comparing-ev-stocks-tsla-byddf/?src=A00220,+9.78%
2022-07-21 19:38:00,Motley Fool,What Tesla's Massive Bitcoin Selloff Means for Investors,https://www.fool.com/the-ascent/cryptocurrency/articles/what-teslas-massive-bitcoin-selloff-means-for-investors/?source=eptyholnk0000202&utm_source=yahoo-host&utm_medium=feed&utm_campaign=article,None
2022-07-21 18:47:00,American City Business Journals,"Five years later, JK Moving's Chuck Kuhn is still waiting for his Tesla Semi trucks. This week, he decided to buy more.",https://www.bizjournals.com/washington/news/2022/07/21/tesla-semi-truck-jk-moving.html?utm_source=sy&utm_medium=nsyp&utm_campaign=yh,None
2022-07-21 17:41:00,Investor's Business Daily,"Tesla Tops Q2 Earnings Views, But Automotive Margins Decline; Tesla Stock Races Higher",https://www.investors.com/news/tesla-stock-back-above-key-benchmark-ahead-of-q2-earnings/?src=A00220,None
2022-07-21 17:37:00,Zacks,Are Tesla Shares Worth a Look Pre-Split?,https://finance.yahoo.com/news/tesla-shares-worth-look-pre-213709263.html,None
2022-07-21 17:27:00,Investopedia,Top Electric Car Stocks for Q3 2022,https://www.investopedia.com/top-electric-car-stocks-for-q4-2020-5080568?utm_campaign=quote-yahoo&utm_source=yahoo&utm_medium=referral,None
2022-07-21 17:16:00,Barrons.com,Ford Now Has Enough Batteries to Make a Lot More EVs  Profitably,https://www.barrons.com/articles/ford-stock-batteries-ev-51658412047?siteid=yhoof2,None
2022-07-21 17:00:00,Barrons.com,Twitter Earnings Are Friday. Investors Might Care More About the Elon Musk Case.,https://www.barrons.com/articles/twitter-earnings-stock-elon-musk-51658431732?siteid=yhoof2,None
2022-07-21 16:48:00,Bloomberg,Teslas Rally Creates $1 Billion Headache for Its Army of Shorts,https://finance.yahoo.com/news/tesla-rally-creates-1-billion-172246409.html,None
2022-07-21 16:32:00,Investor's Business Daily,Ford Stock Rises As Auto Giant Makes These EV Battery Moves In Bid To Chase Tesla,https://www.investors.com/news/ford-stock-falls-cheaper-ev-batteries-lock-up-supplies-unseat-tesla/?src=A00220,None
2022-07-21 16:26:00,Bloomberg,Stocks Notch Their Best Three-Day Rally Since May: Markets Wrap,https://finance.yahoo.com/news/stock-rally-pause-asia-dollar-223335046.html,None
2022-07-21 16:13:00,Yahoo Finance Video,"Markets close in the green, Nasdaq lifted by Tesla",https://finance.yahoo.com/video/markets-close-green-nasdaq-lifted-201328954.html,None
2022-07-21 16:03:00,Yahoo Finance,"Stock market news live updates: Tech leads stocks higher as earnings rush in, ECB hikes rates",https://finance.yahoo.com/news/stock-market-news-live-updates-july-21-2022-112313147.html,None
2022-07-21 16:00:00,Reuters,US STOCKS-Wall Street closes higher on strong Tesla earnings,https://finance.yahoo.com/news/us-stocks-wall-street-closes-200020265.html,None
2022-07-21 15:35:00,Reuters,Analysis-'Unknowns' delay Tesla's ramp-up of its own cutting-edge batteries,https://finance.yahoo.com/news/analysis-unknowns-delay-teslas-ramp-193524141.html,None
2022-07-21 15:33:00,Investor's Business Daily,"Dow Jones Rallies; Tesla Stock Gains As Elon Musk Teases ""Best Product Ever""; Bitcoin Falls On This",https://www.investors.com/market-trend/stock-market-today/dow-jones-steady-tesla-stock-gains-as-elon-musk-teases-best-product-ever-cybertruck-bitcoin-falls-apple-stock-pops/?src=A00220,None
2022-07-21 15:22:00,Yahoo Finance Video,"Technology stocks lead markets higher, energy moves to the downside",https://finance.yahoo.com/video/technology-stocks-lead-markets-higher-192257933.html,None
2022-07-21 15:21:00,Yahoo Finance,"Teslas stale portfolio a concern given increased 2M production capacity, analyst says",https://finance.yahoo.com/news/cowen-analyst-tesla-production-goal-192153537.html,None
2022-07-21 15:17:00,Investor's Business Daily,Amazon Debuts Rivian Delivery Vans; Is Rivian Stock A Buy?,https://www.investors.com/news/rivian-stock-to-buy-rivian-ipo/?src=A00220,None
2022-07-21 14:45:00,Reuters,US STOCKS-Nasdaq rose as Tesla posted strong earnings,https://finance.yahoo.com/news/us-stocks-nasdaq-rose-tesla-184534650.html,None
2022-07-21 14:40:00,Reuters,RPT-UPDATE 3-Ford to buy cheaper CATL EV batteries to catch Tesla,https://finance.yahoo.com/news/rpt-3-ford-buy-cheaper-184029937.html,None
2022-07-21 14:28:00,MarketWatch,"S&P 500, Nasdaq head for 3rd straight day of gains on better corporate earnings than feared",https://www.marketwatch.com/story/stock-futures-ease-back-after-strong-run-as-investors-eye-earnings-ecb-meeting-11658396769?siteid=yhoof2,None
2022-07-21 14:09:00,Investor's Business Daily,"Top Millennial, Gen Z Picks Shift To Dividend-Paying Stocks; No. 1 Stock Tesla Roars Ahead After Beating Earnings Estimates",https://www.investors.com/news/top-millennial-and-gen-z-stock-picks-from-tesla-to-apple-should-you-buy-them-too/?src=A00220,None
2022-07-21 13:36:00,MarketWatch,"Im a Silicon Valley M&A pro, and my advice to Elon Musk is to stop his courtroom gameplaying over Twitter",https://www.marketwatch.com/story/im-a-silicon-valley-m-a-pro-and-my-advice-to-elon-musk-is-to-stop-his-courtroom-gameplaying-with-twitter-11658424997?siteid=yhoof2,None
2022-07-21 13:31:00,Bloomberg,Crypto Altcoins Outperform as Tesla Sales Weigh on Bitcoin,https://finance.yahoo.com/news/bitcoin-dragged-down-further-weak-064459040.html,None
2022-07-21 13:30:00,TheStreet.com,Did Tesla Really 'Crush' Earnings?,https://realmoney.thestreet.com/investing/did-tesla-really-crush-earnings--16059212?puc=yahoo&cm_ven=YAHOO,None
2022-07-21 13:24:00,Reuters,"US STOCKS-S&P 500, Nasdaq ride higher on Tesla gains",https://finance.yahoo.com/news/us-stocks-p-500-nasdaq-172439574.html,None
2022-07-21 13:08:00,Motley Fool,"Did Elon Musk's Comments Support, or Hurt, Meme Tokens Yesterday?",https://www.fool.com/investing/2022/07/21/did-elon-musks-comments-support-or-hurt-meme-token/?source=eptyholnk0000202&utm_source=yahoo-host&utm_medium=feed&utm_campaign=article,None
2022-07-21 13:02:00,Yahoo Finance,Tesla Cybertruck a 'niche' product that will not be like the Ford F-150: Analyst,https://finance.yahoo.com/news/tesla-cybertruck-niche-not-like-ford-f-150-170217506.html,None
2022-07-21 13:00:00,Bloomberg,"Microsoft, Google Are Latest Tech Giants to Hit Brakes on Hiring",https://finance.yahoo.com/news/microsoft-google-latest-tech-giants-232957843.html,None
2022-07-21 12:43:00,Yahoo Finance Video,"Tesla pricing themselves out of the sweet spot of demand, analyst says",https://finance.yahoo.com/video/tesla-pricing-themselves-sweet-spot-164342347.html,None
2022-07-21 12:29:00,Investor's Business Daily,These Are The 5 Best EV Stocks To Buy And Watch Now,https://www.investors.com/news/best-ev-stocks-buy-now-electric-cars/?src=A00220,None
2022-07-21 12:18:00,Yahoo Finance Video,"Tesla pricing themselves out of the sweet spot of demand, analyst says",https://finance.yahoo.com/video/tesla-pricing-themselves-sweet-spot-161811628.html,None
2022-07-21 12:16:00,TheStreet.com,Tesla Gains Traction as It Drives Out of Earnings Report,https://realmoney.thestreet.com/investing/shares-of-tesla-are-gaining-traction-despite-the-news-flow-16059138?puc=yahoo&cm_ven=YAHOO,None
2022-07-21 12:13:00,Schaeffer's Investment Research,"Analysts, Options Traders React to Tesla's Earnings Beat",https://finance.yahoo.com/news/analysts-options-traders-react-teslas-161343580.html,None
2022-07-21 12:00:00,Motley Fool,Bitcoin Falls 6.4% on News That Musk's Tesla Sold 75% of Its BTC Last Quarter,https://www.fool.com/the-ascent/cryptocurrency/articles/bitcoin-falls-64-on-news-that-musks-tesla-sold-75-of-its-btc-last-quarter/?source=eptyholnk0000202&utm_source=yahoo-host&utm_medium=feed&utm_campaign=article,None
2022-07-21 11:59:00,Investopedia,Tesla Earnings: What Happened with TSLA,https://www.investopedia.com/tesla-earnings-q2-fy2022-what-happened-with-tsla-5667262?utm_campaign=quote-yahoo&utm_source=yahoo&utm_medium=referral,None
2022-07-21 11:57:00,Yahoo Finance Video,"Bitcoin trades below $23,000 following ECB rate hike",https://finance.yahoo.com/video/bitcoin-trades-below-23-000-155739791.html,None
2022-07-21 11:36:00,Motley Fool,Tesla Beats Earnings Estimates and Sells Bitcoin -- Is the Stock a Buy?,https://www.fool.com/investing/2022/07/21/tesla-beats-earnings-sells-bitcoin-is-stock-a-buy/?source=eptyholnk0000202&utm_source=yahoo-host&utm_medium=feed&utm_campaign=article,None
2022-07-21 11:24:00,Yahoo Finance Video,"Stocks mixed after earnings, European Central Bank rate hike",https://finance.yahoo.com/video/stocks-mixed-earnings-european-central-152459424.html,None
2022-07-21 11:15:00,TheStreet.com,"After Tesla's Impressive Results, Here's the Play",https://realmoney.thestreet.com/investing/stocks/after-tesla-s-impressive-results-here-s-the-play-16059057?puc=yahoo&cm_ven=YAHOO,None
2022-07-21 11:04:00,Motley Fool,Why Tesla Stock Is Gaining Ground Today,https://www.fool.com/investing/2022/07/21/why-tesla-stock-is-gaining-ground-today/?source=eptyholnk0000202&utm_source=yahoo-host&utm_medium=feed&utm_campaign=article,None
2022-07-21 10:56:00,Yahoo Finance Video,"Tesla EV pricing strikes a bullish tone for the stock, analyst says",https://finance.yahoo.com/video/tesla-ev-pricing-strikes-bullish-145636375.html,None
2022-07-21 10:22:00,Motley Fool,"Why Bitcoin, Ethereum, and Dogecoin Are Falling Today",https://www.fool.com/investing/2022/07/21/why-bitcoin-ethereum-and-dogecoin-are-falling-toda/?source=eptyholnk0000202&utm_source=yahoo-host&utm_medium=feed&utm_campaign=article,None
2022-07-21 10:16:00,Barrons.com,Tesla Beats Earnings Estimates Again. But Did It Change Many Minds on Wall Street?,https://www.barrons.com/articles/tesla-stock-price-earnings-analysts-51658390315?siteid=yhoof2,None
2022-07-21 10:16:00,Reuters,"US STOCKS-Tesla keeps Nasdaq afloat, AT&T forecast weighs on S&P 500",https://finance.yahoo.com/news/us-stocks-tesla-keeps-nasdaq-141617024.html,None
2022-07-21 10:12:00,Yahoo Finance Video,"Crude oil falls on demand concerns, bitcoin falls below $23,000",https://finance.yahoo.com/video/crude-oil-falls-demand-concerns-141230765.html,None
2022-07-21 10:00:00,Reuters,Rivian CEO eyes expansion into broader range of commercial electric vehicles,https://finance.yahoo.com/news/rivian-ceo-eyes-expansion-broader-140000308.html,None
2022-07-21 09:59:00,Investor's Business Daily,Dow Jones Falls As ECB Raises Rates; Tesla Surges On Strong Earnings,https://www.investors.com/market-trend/stock-market-today/dow-jones-futures-drop-as-tesla-rallies-on-strong-earnings/?src=A00220,None
2022-07-21 09:54:00,Yahoo Finance Video,Tesla CEO Elon Musks net worth is down $44 billion this year,https://finance.yahoo.com/video/tesla-ceo-elon-musk-net-135435578.html,None
2022-07-21 09:46:00,Bloomberg,Teslas Musk Signals Optimism on End to Supply Chain Hell,https://finance.yahoo.com/news/musk-sees-potential-tesla-emerge-085504940.html,None
2022-07-21 09:41:00,TheStreet.com,"Tesla Stock Leaps On Q2 Earnings Beat; Elon Musk Muses On Bitcoin Sale, 'Embarrassing' Car Prices",https://www.thestreet.com/markets/tesla-stock-jumps-on-q2-earnings-beat-musk-muses-on-bitcoin-sale?puc=yahoo&cm_ven=YAHOO,None
2022-07-21 09:37:00,Bloomberg,"Tesla, MicroStrategy, Block Face Hit From Bitcoin",https://finance.yahoo.com/news/tesla-microstrategy-block-face-hit-093942003.html,None
2022-07-21 09:22:00,Investopedia,"Tesla Revenue Grows, Sells Bitcoin",https://www.investopedia.com/tesla-revenue-grows-sells-bitcoin-5714803?utm_campaign=quote-yahoo&utm_source=yahoo&utm_medium=referral,None
2022-07-21 09:18:00,MarketWatch,"Tesla shares climb after car maker got tough quarter out of the way, and as Wall Street eyes production ramp ups",https://www.marketwatch.com/story/tesla-shares-climb-after-car-maker-got-tough-quarter-out-of-the-way-and-as-wall-street-eyes-production-ramp-ups-11658409522?siteid=yhoof2,None
2022-07-21 09:18:00,Yahoo Finance Video,"Tesla surpasses Q2 earnings estimates, sells 75% of its bitcoin",https://finance.yahoo.com/video/tesla-surpasses-q2-earnings-estimates-131849123.html,None
2022-07-21 09:13:00,TheStreet.com,Musk Draws Shock and Sympathy on Reddit After Tesla Sold Bitcoins,https://www.thestreet.com/investing/cryptocurrency/musk-draws-shock-and-sympathy-on-reddit-after-tesla-sold-bitcoins?puc=yahoo&cm_ven=YAHOO,None
2022-07-21 09:05:00,Barrons.com,Bitcoin Slides but the Crypto Market Is Worth $1 Trillion Again. Even as Tesla Sells Out.,https://www.barrons.com/articles/bitcoin-tesla-ethereum-crypto-price-today-51658404070?siteid=yhoof2,None
2022-07-21 08:18:00,Investor's Business Daily,Dow Jones Futures Fall With Market Rally Still Missing This; Tesla Rises On Earnings,https://www.investors.com/market-trend/stock-market-today/dow-jones-futures-market-rally-gains-steam-still-missing-this-tesla-earnings-movers/?src=A00220,None
2022-07-21 08:14:00,MarketWatch,"Teslas margins shrink despite embarrassing price increases, putting Elon Musk in a tough spot",https://www.marketwatch.com/story/teslas-margins-shrink-despite-embarrassing-price-increases-putting-elon-musk-in-a-tough-spot-11658366422?siteid=yhoof2,None
2022-07-21 07:48:00,Barrons.com,Bitcoin Slides but the Crypto Market Is Worth $1 Trillion Again. Even as Tesla Sells Out.,https://www.barrons.com/articles/bitcoin-crypto-tesla-ether-51658404070?siteid=yhoof2,None
2022-07-21 07:33:00,Investor's Business Daily,Dow Jones Futures: Market Rally Still Missing This; Tesla Rises On Earnings,https://www.investors.com/market-trend/stock-market-today/dow-jones-futures-market-rally-gains-steam-still-missing-this-tesla-earnings-movers/?src=A00220,None
2022-07-21 07:31:00,Bloomberg,Stocks Steady Before ECB Rate Liftoff; Euro Gains: Markets Wrap,https://finance.yahoo.com/news/stock-rally-pause-asia-dollar-223335046.html,None
2022-07-21 07:28:00,Barrons.com,"Tesla, AT&T, Ford, and More of Thursdays Stock Market Movers",https://www.barrons.com/articles/stock-market-movers-thursday-tesla-att-ford-51658394014?siteid=yhoof2,None
2022-07-21 07:23:00,Yahoo Finance,Stock market news live updates: Stock futures slip as companies report mixed results,https://finance.yahoo.com/news/stock-market-news-live-updates-july-21-2022-112313147.html,None
2022-07-21 07:16:00,Motley Fool,Tesla's Profit Soars -- and More Strong Growth Is On the Way,https://www.fool.com/investing/2022/07/21/teslas-profit-soars-and-more-strong-growth-is-on-t/?source=eptyholnk0000202&utm_source=yahoo-host&utm_medium=feed&utm_campaign=article,None
2022-07-21 07:00:00,TheStreet.com,Tesla Rival Plans to Launch the Most Affordable EV on Market,https://www.thestreet.com/technology/tesla-rival-to-launch-most-affordable-ev?puc=yahoo&cm_ven=YAHOO,None
2022-07-21 06:41:00,Barrons.com,Its a Crunch Day in Europe. Why It Matters for U.S. Investors.,https://www.barrons.com/articles/things-to-know-today-51658397857?siteid=yhoof2,None
2022-07-21 06:26:00,Yahoo Finance,Tesla CEO Elon Musk sees inflation declining 'towards the end of this year',https://finance.yahoo.com/news/tesla-ceo-elon-musk-inflation-102600626.html,None
2022-07-21 06:16:00,Bloomberg,Tesla Sold Most of Its Bitcoin to Shore Up Carmakers Liquidity,https://finance.yahoo.com/news/tesla-sells-majority-bitcoin-turbulent-221214264.html,None
2022-07-21 06:01:00,TheStreet.com,"Stocks Edge Lower, Tesla, United Airlines, Carnival And Ford In Focus - Five Things To Know",https://www.thestreet.com/markets/-5-things-you-must-know-before-market-opens-thursday-072122?puc=yahoo&cm_ven=YAHOO,None
2022-07-21 05:35:00,Motley Fool,3 Bargain Stocks Cathie Wood Loves,https://www.fool.com/investing/2022/07/21/3-bargain-stocks-cathie-wood-loves/?source=eptyholnk0000202&utm_source=yahoo-host&utm_medium=feed&utm_campaign=article,None
2022-07-21 04:55:00,Bloomberg,Musk Sees Potential for Tesla to Emerge From Supply Chain Hell,https://finance.yahoo.com/news/musk-sees-potential-tesla-emerge-085504940.html,None
2022-07-21 04:14:00,Bloomberg,"Lithium Refining Is a License to Print Money, Musk Says",https://finance.yahoo.com/news/lithium-refining-license-print-money-045539041.html,None
2022-07-21 04:12:00,Barrons.com,Tesla Beats Earnings Estimates Again. But Did It Change Many Minds on Wall Street?,https://www.barrons.com/articles/tesla-earnings-wall-street-analysts-51658390315?siteid=yhoof2,None
2022-07-21 04:05:00,Yahoo Finance UK,Tesla sells most of its bitcoin holdings,https://finance.yahoo.com/news/tesla-sells-bitcoin-holdings-elon-musk-080529438.html,None
2022-07-21 02:44:00,Bloomberg,"Bitcoin Dragged Down Further on Weak Stocks in Asia, Tesla Sales",https://finance.yahoo.com/news/bitcoin-dragged-down-further-weak-064459040.html,None
2022-07-21 02:30:00,Motley Fool,Tesla (TSLA) Q2 2022 Earnings Call Transcript,https://www.fool.com/earnings/call-transcripts/2022/07/21/tesla-tsla-q2-2022-earnings-call-transcript/?source=eptyholnk0000202&utm_source=yahoo-host&utm_medium=feed&utm_campaign=article,None
2022-07-21 01:46:00,The Independent,"Tesla sells 75% of its Bitcoin holdings, but not any Dogecoin, Musk says",https://finance.yahoo.com/news/tesla-sells-75-bitcoin-holdings-054625639.html,None
2022-07-20 22:27:00,Yahoo Finance Video,Yahoo Finance Presents: Pete Buttigieg,https://finance.yahoo.com/video/yahoo-finance-presents-pete-buttigieg-022712246.html,None
2022-07-20 21:20:00,TheStreet.com,Twitter Fiasco: Musk Says Something Reassuring for Tesla,https://www.thestreet.com/technology/twitter-fiasco-musk-says-something-reassuring-for-tesla?puc=yahoo&cm_ven=YAHOO,None
2022-07-20 21:20:00,MarketWatch,"Teslas margins shrink despite embarrassing price increases, putting Elon Musk in a tough spot",https://www.marketwatch.com/story/teslas-margins-shrink-despite-embarrassing-price-increases-putting-elon-musk-in-a-tough-spot-11658366422?siteid=yhoof2,None
2022-07-20 20:53:00,TheStreet.com,Elon Musk Unveils Important Information About the Cybertruck,https://www.thestreet.com/technology/elon-musk-unveils-important-information-about-the-cybertruck?puc=yahoo&cm_ven=YAHOO,None
2022-07-20 19:59:00,The Wall Street Journal,Tesla Ends Streak of Record Quarterly Profits After China Factory Shutdown,https://www.wsj.com/articles/tesla-earnings-tsla-q2-2022-11658287416?siteid=yhoof2,None
2022-07-20 19:59:00,The Wall Street Journal,Teslas Tough Second Quarter Shows What Might Happen in a Recession,https://www.wsj.com/articles/teslas-tough-second-quarter-shows-what-might-happen-in-a-recession-11658361555?siteid=yhoof2,None
2022-07-20 19:29:00,Bloomberg,"Microsoft, Google Are Latest Tech Giants to Hit Brakes on Hiring",https://finance.yahoo.com/news/microsoft-google-latest-tech-giants-232957843.html,None
2022-07-20 18:46:00,Financial Times,Tesla profits jump despite production disruptions,"https://www.ft.com/cms/s/a58cd8ae-d4d8-4e31-9001-507580d10cda,s01=1.html?ftcamp=traffic/partner/feed_headline/us_yahoo/auddev",None
2022-07-20 18:41:00,Bloomberg,"Tesla Beats Profit Estimates, Keeps 50% Target for Output Growth",https://finance.yahoo.com/news/tesla-beats-profit-estimates-keeps-224130712.html,None
2022-07-20 18:37:00,LA Times,Tesla profit drops but company hits new production level,https://finance.yahoo.com/news/tesla-profit-drops-company-hits-223755010.html,None
2022-07-20 18:33:00,Quartz,Teslas supply chain struggles forced it to sell off 75% of its bitcoin,https://qz.com/2191007/tesla-supply-chain-struggles-forced-it-to-sell-75-percent-of-its-bitcoin/?utm_source=YPL,None
2022-07-20 18:28:00,TheStreet.com,Musk Promises Tesla Will Buy Back Bitcoin in the Future,https://www.thestreet.com/investing/cryptocurrency/musk-promises-tesla-will-buy-back-bitcoin-in-the-future?puc=yahoo&cm_ven=YAHOO,None
2022-07-20 18:21:00,MarketWatch,"After Tesla sold most of its bitcoin, Elon Musk says he is open to buying more, though cryptocurrency is a side show",https://www.marketwatch.com/story/after-tesla-sold-most-of-its-bitcoin-elon-musk-says-he-is-open-to-buying-more-though-cryptocurrency-is-a-side-show-11658355686?siteid=yhoof2,None
2022-07-20 18:12:00,Bloomberg,Tesla Sells Majority of Bitcoin After Turbulent Crypto Foray,https://finance.yahoo.com/news/tesla-sells-majority-bitcoin-unprofitable-214225248.html,None
2022-07-20 18:09:00,Investor's Business Daily,"Tesla Tops Q2 Earnings Views, But Automotive Margins Decline; Tesla Stock Gains After Hours",https://www.investors.com/news/tesla-stock-back-above-key-benchmark-ahead-of-q2-earnings/?src=A00220,None
2022-07-20 17:53:00,TheStreet.com,Elon Musk and Tesla Aren't Big Bitcoin Fans Anymore,https://www.thestreet.com/investing/cryptocurrency/elon-musk-and-tesla-arent-big-bitcoin-fans-anymore?puc=yahoo&cm_ven=YAHOO,None
2022-07-20 17:37:00,Reuters,UPDATE 1-Bitcoin briefly falls after Tesla says it sold 75% of its holdings,https://finance.yahoo.com/news/1-bitcoin-briefly-falls-tesla-213718181.html,None
2022-07-20 17:26:00,Yahoo Finance Video,China is the 'hearts and lungs' of the Tesla story: Analyst,https://finance.yahoo.com/video/china-hearts-lungs-tesla-story-212652879.html,None
2022-07-20 17:19:00,Investor's Business Daily,These Are The 5 Best EV Stocks To Buy And Watch Now,https://www.investors.com/news/best-ev-stocks-buy-now-electric-cars/?src=A00220,None
2022-07-20 17:16:00,Yahoo Finance Video,Tesla and United Airlines stock after reporting second-quarter earnings today,https://finance.yahoo.com/video/tesla-united-airlines-stock-reporting-211600480.html,None
2022-07-20 17:10:00,Yahoo Finance Video,"United Airlines, Peloton, and Netflix shares slip in after-hours trading",https://finance.yahoo.com/video/united-airlines-peloton-netflix-shares-211036310.html,None
2022-07-20 17:01:00,Yahoo Finance,"Tesla sells $936 million worth of bitcoin in the second quarter, still holds Dogecoin",https://finance.yahoo.com/news/tesla-bitcoin-sale-936-million-210114799.html,None
2022-07-20 16:43:00,The Telegraph,Tesla's profits knocked by China factory shutdowns as it sells Bitcoin,https://finance.yahoo.com/news/teslas-profits-knocked-china-factory-204303145.html,None
2022-07-20 16:42:00,TheStreet.com,"Tesla Tops Q2 Earnings Forecast, But Profit Margins Narrow; Dumps Nearly 1 Billion In Bitcoin",https://www.thestreet.com/markets/tesla-blasts-q2-earnings-forecast-but-profit-margins-narrow?puc=yahoo&cm_ven=YAHOO,None
2022-07-20 16:37:00,MarketWatch,"Tesla sold 75% of bitcoin holdings in second quarter, as crypto prices crashed",https://www.marketwatch.com/story/tesla-sold-75-of-bitcoin-holdings-in-second-quarter-as-crypto-prices-crashed-2022-07-20?siteid=yhoof2,None
2022-07-20 16:33:00,TheStreet.com,Stock Market Today - 7/20: Stocks End Higher As Recession Concerns Fade; Tesla Earnings On Deck,https://www.thestreet.com/markets/stock-market-today-7-20-stocks-edge-lower-on-european-gas-worry?puc=yahoo&cm_ven=YAHOO,None
2022-07-20 16:32:00,Yahoo Finance Video,Investors should be seeking 'measured optimism' ahead of recessionary environment: Strategist,https://finance.yahoo.com/video/investors-seeking-measured-optimism-ahead-203257273.html,None
2022-07-20 16:22:00,Yahoo Finance Video,"Tesla reports a second-quarter earnings beat, 50% annual growth in vehicle deliveries",https://finance.yahoo.com/video/tesla-reports-second-quarter-earnings-202216545.html,None
2022-07-20 16:21:00,MarketWatch,Florida jury finds Tesla just 1% to blame for teen drivers fiery crash,https://www.marketwatch.com/story/florida-jury-finds-tesla-just-1-to-blame-for-teen-drivers-fiery-crash-01658348494?siteid=yhoof2,None
2022-07-20 16:15:00,Investor's Business Daily,Indexes Rise Into Close; Tesla Earnings On Deck After Netflix Earnings Push Stock Higher,https://www.investors.com/market-trend/stock-market-today/indexes-rise-into-close-tesla-earnings-on-deck-after-netflix-earnings-push-stock-higher/?src=A00220,None
2022-07-20 16:15:00,MarketWatch,"Tesla stock rises after EV maker reports better-than-expected Q2 profit, jump in sales",https://www.marketwatch.com/story/tesla-stock-rises-after-ev-maker-reports-better-than-expected-q2-profit-jump-in-sales-11658348129?siteid=yhoof2,None
2022-07-20 16:10:00,Yahoo Finance,"Tesla earnings meet Q2 expectations, sells 75% of its Bitcoin",https://finance.yahoo.com/news/tesla-q2-earnings-2022-201008978.html,None
2022-07-20 16:07:00,Business Wire,Tesla Releases Second Quarter 2022 Financial Results,https://finance.yahoo.com/news/tesla-releases-second-quarter-2022-200700419.html,None
2022-07-20 16:07:00,Reuters,Tesla second-quarter profit rises on price hikes,https://finance.yahoo.com/news/tesla-misses-quarterly-revenue-estimates-200711474.html,None
2022-07-20 16:03:00,Yahoo Finance,Tech stocks soar on Wednesday as market maintains momentum,https://finance.yahoo.com/news/stock-market-live-news-july-20-103918347.html,None
2022-07-20 15:19:00,Yahoo Finance Video,Earnings: What investors should expect for Tesla and United Airlines,https://finance.yahoo.com/video/earnings-investors-expect-tesla-united-191905598.html,None
2022-07-20 15:07:00,Investor's Business Daily,Dow Jones Gains; Tesla Earnings Due As Elon Musk Makes This Boast; Netflix Stock Surges,https://www.investors.com/market-trend/stock-market-today/dow-jones-dips-tesla-earnings-due-tsla-stock-rallies-netflix-stock-surges-on-subscriber-surprise/?src=A00220,None
2022-07-20 14:51:00,Yahoo Finance,Judge's ruling on Twitter-Musk timeline offers clues on how case will play out,https://finance.yahoo.com/news/judges-ruling-on-twitter-musk-timeline-offers-clues-on-how-case-will-play-out-185108296.html,None
2022-07-20 14:42:00,Zacks,These Ignored Assets Beat Your Favorite Stocks,https://finance.yahoo.com/news/ignored-assets-beat-favorite-stocks-184206737.html,None
2022-07-20 14:31:00,Yahoo Finance,Goldman Sachs: The economy 'is going to slow a lot'  but there is one big upside,https://finance.yahoo.com/news/economy-about-to-slow-goldman-but-one-big-upside-183124420.html,None
2022-07-20 12:43:00,Reuters,US STOCKS-Nasdaq boosted by growth stocks after Netflix's upbeat forecast,https://finance.yahoo.com/news/us-stocks-nasdaq-boosted-growth-164344252.html,None
2022-07-20 12:35:00,Yahoo Finance Video,Our society has given a pass to elite bad actors: Patrick Radden Keefe,https://finance.yahoo.com/video/society-given-pass-elite-bad-163503368.html,None
2022-07-20 11:24:00,Yahoo Finance Video,The level of sneakiness with Americans hiding money abroad is staggering: Patrick Radden Keefe,https://finance.yahoo.com/video/level-sneakiness-americans-hiding-money-152451862.html,None
2022-07-20 10:54:00,Yahoo Finance Video,Tesla earnings: EV maker expects weaker quarter due to China factory shutdown,https://finance.yahoo.com/video/tesla-earnings-ev-maker-expects-145423229.html,None
2022-07-20 10:48:00,Investor's Business Daily,"Top Millennial, Gen Z Picks Shift To Dividend-Paying Stocks; Tesla Still No. 1, Bitcoin Popular Despite 'Crypto Winter' Worries",https://www.investors.com/news/top-millennial-and-gen-z-stock-picks-from-tesla-to-apple-should-you-buy-them-too/?src=A00220,None
2022-07-20 10:35:00,Fortune,GMs CEO Mary Barra doubles down on prediction shell beat Elon Musk in electric vehicle sales by 2025. Right now he outsells her by 14x,https://finance.yahoo.com/news/gm-ceo-mary-barra-doubles-143506322.html,None
2022-07-20 10:28:00,Investor's Business Daily,Stock Market Consolidating Gains After Tuesday's Rally; All Eyes On Tesla,https://www.investors.com/market-trend/stock-market-today/stock-market-consolidating-gains-after-tuesdays-rally-all-eyes-on-tesla/?src=A00220,None
2022-07-20 10:27:00,Motley Fool,Should Investors Wait for the Stock Split to Buy Tesla?,https://www.fool.com/investing/2022/07/20/should-investors-wait-for-the-stock-split-to-buy-t/?source=eptyholnk0000202&utm_source=yahoo-host&utm_medium=feed&utm_campaign=article,None
2022-07-20 10:26:00,Reuters,US STOCKS-Nasdaq boosted by growth stocks after Netflix's upbeat forecast,https://finance.yahoo.com/news/us-stocks-nasdaq-boosted-growth-142653753.html,None
2022-07-20 10:24:00,Yahoo Finance Video,"Market check: Stocks flat at open, bitcoin price jumps",https://finance.yahoo.com/video/market-check-stocks-flat-open-142457049.html,None
2022-07-20 09:56:00,Investor's Business Daily,Dow Jones Falls As Netflix Jumps On Earnings; Tesla Earnings Up Next,https://www.investors.com/market-trend/stock-market-today/dow-jones-futures-rise-as-netflix-surges-on-earnings-tesla-earnings-up-next/?src=A00220,None
2022-07-20 09:50:00,Zacks,Are You a Momentum Investor? This 1 Stock Could Be the Perfect Pick,https://finance.yahoo.com/news/momentum-investor-1-stock-could-135001321.html,None
2022-07-20 09:16:00,TheStreet.com,Elon Musk Launches New Attack Against GM and Joe Biden,https://www.thestreet.com/technology/elon-musk-launches-new-attack-against-gm-and-joe-biden?puc=yahoo&cm_ven=YAHOO,None
2022-07-20 08:27:00,Investor's Business Daily,Dow Jones Futures: Stock Market Rally Breaks Key Resistance; Netflix Jumps On Subscriber Data,https://www.investors.com/market-trend/stock-market-today/dow-jones-futures-stock-market-rally-breaks-key-resistance-netflix-subscribers/?src=A00220,None
2022-07-20 07:55:00,Zacks,July Rally May Indicate the Peak of U.S. Inflation: 5 Picks,https://finance.yahoo.com/news/july-rally-may-indicate-peak-115511238.html,None
2022-07-20 07:49:00,Barrons.com,"Netflix, Tesla, Biogen, and More of Wednesdays Stock Market Movers",https://www.barrons.com/articles/stock-market-movers-wednesday-tesla-netflix-biogen-51658249171?siteid=yhoof2,None
2022-07-20 07:07:00,TheStreet.com,"Tesla Earnings Preview: Delivery Outlook, Profit Margins And Bitcoin Hit In Focus",https://www.thestreet.com/markets/tesla-earnings-preview-outlook-margins-and-bitcoin-hit-in-focus?puc=yahoo&cm_ven=YAHOO,None
2022-07-20 07:00:00,TheStreet.com,Elon Musk Says Germany Has One Option Against Russia,https://www.thestreet.com/technology/elon-musk-says-germany-has-one-option-against-russia?puc=yahoo&cm_ven=YAHOO,None
2022-07-20 06:03:00,TheStreet.com,"Stocks Edge Higher, Netflix, Tesla, ASML And Gas Prices - Five Things To Know",https://www.thestreet.com/markets/-5-things-you-must-know-before-market-opens-wednesday-072022?puc=yahoo&cm_ven=YAHOO,None
2022-07-20 05:30:00,The Wall Street Journal,Tesla Poised for Earnings Hit From China Factory Shutdown,https://www.wsj.com/articles/tesla-earnings-tsla-q2-2022-11658287416?siteid=yhoof2,None
2022-07-20 00:40:00,Investor's Business Daily,Dow Jones Futures: Stock Market Rally Breaks Key Resistance; Netflix Jumps On Subscriber Data,https://www.investors.com/market-trend/stock-market-today/dow-jones-futures-stock-market-rally-breaks-key-resistance-netflix-subscribers/?src=A00220,None
2022-07-20 00:04:00,Investor's Business Daily,Tesla Stock Vs. BYD Stock: Tesla Earnings Due; China EV Giant Launching Model 3 Rival,https://www.investors.com/news/tesla-stock-vs-byd-stock-comparing-ev-stocks-tsla-byddf/?src=A00220,None
2022-07-19 19:18:00,Reuters,UPDATE 1-Jury finds Tesla 1% negligent in fatal Model S crash,https://finance.yahoo.com/news/1-jury-finds-tesla-1-231850806.html,None
2022-07-19 19:11:00,TheStreet.com,Elon Musk May Have a Solution Against Heat Waves and Allergies,https://www.thestreet.com/technology/elon-musk-may-have-a-product-against-heat-waves-and-allergies?puc=yahoo&cm_ven=YAHOO,None
2022-07-19 18:00:00,MoneyWise,Drivers have decided Teslas are worth the higher sticker price  but are they ready to get burned on insurance?,https://finance.yahoo.com/news/drivers-decided-teslas-worth-higher-220000395.html,None
2022-07-19 17:24:00,Barrons.com,Teslas Earnings Are Impossible to Predict. Watch These 2 Points Instead.,https://www.barrons.com/articles/tesla-earnings-what-to-watch-51658170299?siteid=yhoof2,None
2022-07-19 17:21:00,Investor's Business Daily,All Eyes On Cost Controls With Chip Supply Improving Ahead Of Tesla's Q2 Earnings,https://www.investors.com/news/tesla-stock-back-above-key-benchmark-ahead-of-q2-earnings/?src=A00220,None
2022-07-19 16:44:00,Reuters,Jury finds Tesla 1% negligent in fatal Model S crash,https://finance.yahoo.com/news/jury-finds-tesla-just-1-204430878.html,None
2022-07-19 16:42:00,Reuters,CORRECTED-Jury finds Tesla 1% negligent in fatal Model S crash,https://finance.yahoo.com/news/jury-finds-tesla-just-1-204230079.html,None
2022-07-19 16:41:00,Investor's Business Daily,These Are The 5 Best EV Stocks To Buy And Watch Now,https://www.investors.com/news/best-ev-stocks-buy-now-electric-cars/?src=A00220,None
2022-07-19 16:08:00,Yahoo Finance Video,Tesla set to report second-quarter earnings on Wednesday,https://finance.yahoo.com/video/tesla-set-report-second-quarter-200842298.html,None
2022-07-19 16:03:00,Yahoo Finance,Stock market news live updates: Stocks soar as investors parse another round of earnings,https://finance.yahoo.com/news/stock-market-news-live-updates-july-19-2022-114017830.html,None
2022-07-19 15:54:00,TheStreet.com,Elon Musk Probably Downloaded His Brain into a Robot,https://www.thestreet.com/technology/elon-musk-has-probably-downloaded-his-brain-into-a-machine?puc=yahoo&cm_ven=YAHOO,None
2022-07-19 15:39:00,TheStreet.com,Tesla Faces Verdict in Fatal Florida Crash,https://www.thestreet.com/investing/tesla-faces-verdict-in-fatal-florida-crash?puc=yahoo&cm_ven=YAHOO,None
2022-07-19 15:30:00,Yahoo Finance Video,Judge allows Twitter to expedite its lawsuit against Elon Musk,https://finance.yahoo.com/video/judge-allows-twitter-expedite-lawsuit-193027648.html,None
2022-07-19 15:22:00,Investor's Business Daily,"Dow Jones Rallies; Twitter Stock Gains Amid This Elon Musk Loss; Netflix Earnings Beat, Subscribers Surprise",https://www.investors.com/market-trend/stock-market-today/dow-jones-rallies-twitter-stock-gains-amid-this-elon-musk-loss-netflix-earnings-nflx-stock-gains/?src=A00220,None
2022-07-19 15:22:00,Investor's Business Daily,Dow Jones Rallies; Twitter Stock Gains Amid This Elon Musk Loss; Netflix Charges Ahead Of Earnings,https://www.investors.com/market-trend/stock-market-today/dow-jones-rallies-twitter-stock-gains-amid-this-elon-musk-loss-netflix-earnings-nflx-stock-gains/?src=A00220,None
2022-07-19 15:03:00,Investor's Business Daily,"With Its Quarterly Earnings Report Coming Up, Is Tesla Stock A Buy?",https://www.investors.com/news/technology/tesla-stock-is-it-a-buy-now/?src=A00220,None
2022-07-19 14:39:00,Investor's Business Daily,All Eyes On Cost Controls With Chip Supply Improving Ahead Of Tesla's Q2 Earnings,https://www.investors.com/news/tesla-stock-back-above-key-benchmark-ahead-of-q2-earnings/?src=A00220,None
2022-07-19 14:22:00,Yahoo Finance,Tesla Q2 earnings preview: Why 2022 production target is key,https://finance.yahoo.com/news/tesla-q-2-earnings-preview-why-2022-production-target-is-key-182251246.html,None
2022-07-19 14:17:00,Reuters,Factbox-Spotlight shines on battling lawyers in Twitter-Elon Musk dispute,https://finance.yahoo.com/news/factbox-spotlight-shines-battling-lawyers-181726033.html,None
2022-07-19 14:14:00,Investor's Business Daily,"Nio Stock A Buy? Volkswagen Outpaces Nio, Tesla Of China, As Electric SUV Rivalries Grow",https://www.investors.com/news/nio-stock-buy-now/?src=A00220,None
2022-07-19 13:49:00,MarketWatch,Teslas Model Y is the hottest used car in the U.S. right now,https://www.marketwatch.com/story/teslas-model-y-is-the-hottest-used-car-in-the-u-s-right-now-11658252949?siteid=yhoof2,None
2022-07-19 13:43:00,Reuters,"Tesla braces for earnings hit, but EV delivery outlook is key",https://finance.yahoo.com/news/tesla-braces-earnings-hit-ev-174356190.html,None
2022-07-19 13:27:00,Quartz,Twitter has won the first leg of its legal battle with Elon Musk,https://qz.com/2190071/twitter-gets-first-win-against-elon-musk-with-october-trial-date/?utm_source=YPL,None
2022-07-19 13:24:00,Barrons.com,"Twitter Can Fast-Track Musk Lawsuit, Delaware Court Says",https://www.barrons.com/articles/twitter-can-fast-track-musk-lawsuit-delaware-court-says-51658249495?siteid=yhoof2,None
2022-07-19 12:16:00,Yahoo Finance,"Chevy Blazer EV SUV coming at the right time, GM exec says",https://finance.yahoo.com/news/chevy-blazer-ev-suv-coming-at-the-right-time-gm-exec-says-161636097.html,None
2022-07-19 12:08:00,Investor's Business Daily,Is Li Auto Stock A Buy After China EV Maker's Huge Run?,https://www.investors.com/research/li-auto-stock-buy-now/?src=A00220,None
2022-07-19 11:47:00,Yahoo Finance Video,Twitter-Musk hearing to decide whether to fast-track trial,https://finance.yahoo.com/video/twitter-musk-hearing-decide-whether-154740417.html,None
2022-07-19 11:32:00,Investopedia,Tesla Earnings: What to Look For From TSLA,https://www.investopedia.com/tesla-q2-fy2022-earnings-report-preview-5667233?utm_campaign=quote-yahoo&utm_source=yahoo&utm_medium=referral,None
2022-07-19 11:25:00,Yahoo Finance,Twitter granted 5-day trial in October in case against Elon Musk,https://finance.yahoo.com/news/twitter-elon-musk-hearing-152545679.html,None
2022-07-19 11:17:00,Yahoo Finance Video,Strong U.S. dollar could weigh on tech earnings,https://finance.yahoo.com/video/strong-u-dollar-could-weigh-151739693.html,None
2022-07-19 11:07:00,Investor's Business Daily,"Is Rivian Stock A Buy As Management Clarifies Layoffs, Cost Cuts",https://www.investors.com/news/rivian-stock-to-buy-rivian-ipo/?src=A00220,None
2022-07-19 10:52:00,Investor's Business Daily,"Top Millennial, Gen Z Stocks Shift To Energy Plays; Popular Pick Tesla To Report Earnings Wednesday",https://www.investors.com/news/top-millennial-and-gen-z-stock-picks-from-tesla-to-apple-should-you-buy-them-too/?src=A00220,None
2022-07-19 10:43:00,TheStreet.com,GM Unveils New Weapon Against Tesla and Ford,https://www.thestreet.com/technology/gm-has-a-new-weapon-against-tesla-and-ford?puc=yahoo&cm_ven=YAHOO,None
2022-07-19 10:13:00,Bloomberg,GM Will Finally Have Rival to Teslas Model Y With Blazer EV,https://finance.yahoo.com/news/gm-finally-rival-tesla-model-122327727.html,None
2022-07-19 09:55:00,Investor's Business Daily,Dow Jones Rallies But IBM Dives On Earnings; Netflix Earnings Due,https://www.investors.com/market-trend/stock-market-today/dow-jones-futures-climb-but-ibm-dives-on-earnings-netflix-earnings-due/?src=A00220,None
2022-07-19 09:37:00,Yahoo Finance Video,Earnings season to offer a huge unveiling of companies recession plans: Strategist,https://finance.yahoo.com/video/earnings-season-offer-huge-unveiling-133702518.html,None
2022-07-19 09:31:00,Yahoo Finance Video,"Twitter, Tesla CEO Elon Musk go to court for first time",https://finance.yahoo.com/video/twitter-tesla-ceo-elon-musk-133146037.html,None
2022-07-19 09:26:00,Insider Monkey,10 Most Shorted Stocks to Watch in July,https://finance.yahoo.com/news/10-most-shorted-stocks-watch-132653895.html,None
2022-07-19 08:15:00,The Independent,Why is Elon Musk in court today?,https://finance.yahoo.com/news/why-elon-musk-court-today-120555688.html,None
2022-07-19 07:49:00,Benzinga,"Tesla In Yet Another Legal Soup After German Suit Over Carbon Emission, Data Privacy",https://finance.yahoo.com/news/tesla-yet-another-legal-soup-114942165.html,None
2022-07-19 07:34:00,Benzinga,Tesla Layoffs Acquires Momentum: Read To Know,https://finance.yahoo.com/news/tesla-layoffs-acquires-momentum-read-113424426.html,None
2022-07-19 07:33:00,Fortune,"Tesla forced to pay for owners $115,000 car over its dangerous Autopilotbut dont expect it will do this for everyone",https://finance.yahoo.com/news/tesla-forced-pay-owner-115-113347033.html,None
2022-07-19 07:05:00,Investor's Business Daily,"Dow Jones Futures: Stock Market Stages Nasty Reversal With Netflix, Tesla Earnings Due",https://www.investors.com/market-trend/stock-market-today/dow-jones-futures-stock-market-stages-nasty-reversal-with-netflix-tesla-earnings-due/?src=A00220,None
2022-07-19 06:17:00,MarketWatch,GM cut to hold as Deutsche Bank says traditional automakers will struggle to regain interest,https://www.marketwatch.com/story/gm-cut-to-hold-as-deutsche-bank-says-traditional-automakers-will-struggle-to-regain-interest-2022-07-19?siteid=yhoof2,None
2022-07-19 06:16:00,Zacks,"The Zacks Analyst Blog Highlights Tesla, Driven Brand Holdings and American Axle & Manufacturing",https://finance.yahoo.com/news/zacks-analyst-blog-highlights-tesla-101610363.html,None
2022-07-19 06:05:00,Motley Fool,Tesla Stock: Bull vs. Bear,https://www.fool.com/investing/2022/07/19/tesla-stock-bull-vs-bear/?source=eptyholnk0000202&utm_source=yahoo-host&utm_medium=feed&utm_campaign=article,None
2022-07-19 05:31:00,Motley Fool,What Does Tesla's Proposed 3-for-1 Stock Split Mean for Your Tax Returns?,https://www.fool.com/investing/2022/07/19/what-tesla-proposed-stock-split-mean-tax-return/?source=eptyholnk0000202&utm_source=yahoo-host&utm_medium=feed&utm_campaign=article,None
2022-07-19 05:06:00,Motley Fool,3 Supercharged Growth Stocks Down 70% to 88% That Billionaires Can't Stop Buying,https://www.fool.com/investing/2022/07/19/3-growth-stocks-down-70-to-88-billionaires-buying/?source=eptyholnk0000202&utm_source=yahoo-host&utm_medium=feed&utm_campaign=article,None
2022-07-19 04:19:00,Bloomberg,"Tesla Hit by German Suit Over Car Surveillance, Carbon Footprint",https://finance.yahoo.com/news/tesla-hit-german-suit-over-081948064.html,None
2022-07-18 23:10:00,Reuters,UPDATE 2-Tesla investors should vote against 2 board members' re-election - ISS,https://finance.yahoo.com/news/1-tesla-investors-must-vote-031053932.html,None
2022-07-18 22:43:00,Bloomberg,Teslas Denholm Says Australia Is Key to Avoid EV Battery Crunch,https://finance.yahoo.com/news/tesla-denholm-says-australia-key-024300677.html,None
2022-07-18 21:52:00,Reuters,Tesla investors should vote against 2 board members' re-election - ISS,https://finance.yahoo.com/news/iss-urges-tesla-investors-vote-015227684.html,None
2022-07-18 21:33:00,Reuters,ISS urges Tesla investors to vote against re-election of two board members,https://finance.yahoo.com/news/iss-urges-tesla-investors-vote-013350030.html,None
2022-07-18 21:26:00,Reuters,Tesla EV sales gaining momentum in Australia - chair,https://finance.yahoo.com/news/tesla-ev-sales-gaining-momentum-012643953.html,None
2022-07-18 18:46:00,Bloomberg,Apple Joins Fellow Tech Giants in Putting a Lid on Hiring,https://finance.yahoo.com/news/apple-joins-fellow-tech-giants-224622345.html,None
2022-07-18 18:28:00,TheStreet.com,GM Makes Audacious Prediction in Tesla Rivalry,https://www.thestreet.com/investing/gm-makes-audacious-prediction-in-tesla-rivalry?puc=yahoo&cm_ven=YAHOO,None
2022-07-18 18:28:00,Zacks,Tesla Q2 Preview: Can Shares Regain Power?,https://finance.yahoo.com/news/tesla-q2-preview-shares-regain-222810884.html,None
2022-07-18 18:26:00,American City Business Journals,Tesla is cutting 69 workers in Fremont,https://www.bizjournals.com/sanjose/news/2022/07/18/tesla-is-laying-off-69-workers-in-fremont.html?utm_source=sy&utm_medium=nsyp&utm_campaign=yh,None
2022-07-18 16:21:00,TipRanks,Tesla: Key Earnings Catalysts That Could Push the Stock Higher,https://finance.yahoo.com/news/tesla-key-earnings-catalysts-could-202113116.html,None
2022-07-18 16:08:00,Yahoo Finance Video,"Markets lose earlier gains heading into the close, Apple weighs down tech stocks",https://finance.yahoo.com/video/markets-lose-earlier-gains-heading-200837566.html,None
2022-07-18 16:02:00,Yahoo Finance,Stock market news live updates: Stocks tumble as earnings season picks up,https://finance.yahoo.com/news/stock-market-news-live-updates-july-18-2022-105401497.html,None
2022-07-18 15:56:00,Yahoo Finance Video,"Tesla upgraded to Deutsche Bank's 'short-term buy' list, Uber settles disabled passenger lawsuit",https://finance.yahoo.com/video/tesla-upgraded-deutsche-banks-short-195602051.html,None
2022-07-18 15:53:00,Barrons.com,Teslas Earnings Are Impossible to Predict . Watch These 2 Points Instead.,https://www.barrons.com/articles/tesla-earnings-what-to-watch-51658170299?siteid=yhoof2,None
2022-07-18 14:54:00,MarketWatch,Value stocks post best stretch in 20 years relative to growth stocks  but thats starting to change. Why?,https://www.marketwatch.com/story/value-stocks-post-best-stretch-in-20-years-relative-to-growth-stocks-but-thats-starting-to-change-why-11658170446?siteid=yhoof2,None
2022-07-18 13:53:00,The Independent,Tesla must pay for customers car due to massive danger caused by self-driving Autopilot feature,https://finance.yahoo.com/news/tesla-must-pay-customer-car-162130178.html,None
2022-07-18 12:27:00,Motley Fool,"Why Tesla, Rivian, and Nio Stock Popped Today",https://www.fool.com/investing/2022/07/18/why-tesla-rivian-and-nio-stock-popped-today/?source=eptyholnk0000202&utm_source=yahoo-host&utm_medium=feed&utm_campaign=article,None
2022-07-18 12:21:00,MarketWatch,GM stock gets a downgrade amid worries about a recession,https://www.marketwatch.com/story/gm-stock-gets-a-downgrade-amid-worries-about-a-recession-11658161270?siteid=yhoof2,None
2022-07-18 12:20:00,IPO-Edge.com,Video Highlights  Charging Up Europe: Watch CEO of Allego in Fireside,https://finance.yahoo.com/news/video-highlights-charging-europe-watch-162037343.html,None
2022-07-18 12:01:00,Yahoo Finance Video,"Twitter-Musk trial, Starbucks closures: Top legal stories to watch",https://finance.yahoo.com/video/twitter-musk-trial-starbucks-closures-160122868.html,None
2022-07-18 11:03:00,TheStreet.com,How to Trade Earnings with Straddles (Featuring Netflix and Tesla),https://www.thestreet.com/investing/options/how-to-trade-earnings-with-straddles-featuring-netflix-and-tesla?puc=yahoo&cm_ven=YAHOO,None
2022-07-18 10:53:00,Zacks,Weak Q2 Deliveries Likely to Impair Tesla's (TSLA) Earnings,https://finance.yahoo.com/news/weak-q2-deliveries-likely-impair-145302518.html,None
2022-07-18 10:32:00,Yahoo Finance Video,"Musk moves to delay Twitter trial, Starbucks eyes sale of UK business, heat wave hits UK, Skittles sued",https://finance.yahoo.com/video/musk-moves-delay-twitter-trial-143241294.html,None
2022-07-18 10:24:00,Yahoo Finance Video,"Tesla, Netflix to report earnings this week",https://finance.yahoo.com/video/tesla-netflix-report-earnings-week-142447970.html,None
2022-07-18 10:20:00,Yahoo Finance Video,"Energy stocks gain, Tesla stock rises, bitcoin and ethereum prices jump",https://finance.yahoo.com/video/energy-stocks-gain-tesla-stock-142008963.html,None
2022-07-18 10:06:00,Fortune,"With no smoking gun, Elon Musk hopes a legal fishing expedition is key to jilting Twitter",https://finance.yahoo.com/news/no-smoking-gun-elon-musk-140641340.html,None
2022-07-18 09:59:00,Investor's Business Daily,Dow Jones Rallies As Earnings Season Continues; Goldman Sachs Jumps On Earnings,https://www.investors.com/market-trend/stock-market-today/dow-jones-futures-rally-as-earnings-season-continues-goldman-sachs-jumps-on-earnings/?src=A00220,None
2022-07-18 09:10:00,Yahoo Finance Video,"Twitter-Musk, Starbucks closures, Google and antitrust: 3 legal stories to watch",https://finance.yahoo.com/news/twitter-musk-starbucks-google-legal-stories-to-watch-131036983.html,None
2022-07-18 08:56:00,American City Business Journals,Tesla plans more construction near gigafactory east of Austin,https://www.bizjournals.com/austin/news/2022/07/18/more-construction-planned-near-teslas-gigafactory.html?utm_source=sy&utm_medium=nsyp&utm_campaign=yh,None
2022-07-18 08:48:00,Insider Monkey,10 New Stock Picks of Bruce Kovners Caxton Associates,https://finance.yahoo.com/news/10-stock-picks-bruce-kovner-124809079.html,None
2022-07-18 08:46:00,Reuters,UPDATE 1-U.S. investigates California Tesla crash that killed motorcyclist,https://finance.yahoo.com/news/1-u-investigates-california-tesla-124659405.html,None
2022-07-18 08:44:00,Insider Monkey,12 Best Environmental Stocks to Invest In,https://finance.yahoo.com/news/12-best-environmental-stocks-invest-124402340.html,None
2022-07-18 08:41:00,Investor's Business Daily,Tesla Stock Vs. BYD Stock: Tesla Earnings Due; China EV Giant Launching Model 3 Rival,https://www.investors.com/news/tesla-stock-vs-byd-stock-comparing-ev-stocks-tsla-byddf/?src=A00220,None
2022-07-18 08:40:00,MarketWatch,"Tesla stock offers 'compelling opportunity' and company could positively surprise on margins, Deutsche Bank says",https://www.marketwatch.com/story/tesla-stock-offers-compelling-opportunity-and-company-could-positively-surprise-on-margins-deutsche-bank-says-2022-07-18?siteid=yhoof2,None
2022-07-18 08:30:00,Motley Fool,3 Stocks to Avoid This Week,https://www.fool.com/investing/2022/07/18/3-stocks-to-avoid-this-week/?source=eptyholnk0000202&utm_source=yahoo-host&utm_medium=feed&utm_campaign=article,None
2022-07-18 08:19:00,Investor's Business Daily,Dow Jones Futures Rise: Market Rally Eyes Key Resistance; 5 Stocks In Buy Zones,https://www.investors.com/market-trend/stock-market-today/dow-jones-futures-market-rally-bends-but-doesnt-break-big-week-for-tesla-ev-rival/?src=A00220,None
2022-07-18 08:01:00,Bloomberg,Teslas Chinese Battery Maker Is Scoping Out Factory Sites in Mexico,https://finance.yahoo.com/news/tesla-chinese-battery-maker-scoping-000000073.html,None
2022-07-18 06:54:00,TheStreet.com,Tesla Wants to Lower Its Prices on One Condition,https://www.thestreet.com/technology/tesla-makes-a-promise-to-its-customers?puc=yahoo&cm_ven=YAHOO,None
2022-07-18 05:55:00,Motley Fool,3 Stocks You'll Be Happy You Own When the Bear Market Is Over,https://www.fool.com/investing/2022/07/18/3-stocks-youll-want-after-the-bear-market-ends/?source=eptyholnk0000202&utm_source=yahoo-host&utm_medium=feed&utm_campaign=article,None
2022-07-18 05:39:00,Yahoo Finance,"The job market is poised to slow 'sharply,' Goldman warns",https://finance.yahoo.com/news/job-market-poised-to-slow-dramatically-warns-goldman-093920513.html,None
2022-07-18 04:19:00,Fortune,Elon Musk says Tesla is integrating the worlds largest PC game marketplace into its cars: Demo probably next month,https://finance.yahoo.com/news/elon-musk-says-tesla-integrating-081908697.html,None
2022-07-17 23:36:00,Bloomberg,Rare Tech Stock Winner in India Taps Niche Demand for EV Design,https://finance.yahoo.com/news/rare-tech-stock-winner-india-033650273.html,None
2022-07-17 18:00:00,Bloomberg,Chinese Lithium GiantÂ Pulls EVs Deeper Into Forced Labor Glare,https://finance.yahoo.com/news/chinese-lithium-giant-pulls-evs-220011098.html,None
2022-07-17 17:23:00,TheStreet.com,Tesla Has a New Rival for Fastest Electric Vehicle,https://www.thestreet.com/technology/tesla-has-a-new-rival-for-fastest-car?puc=yahoo&cm_ven=YAHOO,None
2022-07-17 13:01:00,TheStreet.com,Tesla and Musk Will Soon Enter a New Lucrative Industry,https://www.thestreet.com/technology/tesla-and-musk-are-about-to-make-a-big-splash?puc=yahoo&cm_ven=YAHOO,None
2022-07-17 13:00:00,TheStreet.com,"Tosca Musk, Elon Musk's Sister, Reveals His Hidden Talents",https://www.thestreet.com/technology/tosca-musk-elon-musks-sister-reveals-his-hidden-talents?puc=yahoo&cm_ven=YAHOO,None
2022-07-17 13:00:00,Yahoo Finance,Earnings season heats up amid renewed recession calls: What to know this week,https://finance.yahoo.com/news/what-to-know-this-week-july-17-2022-170058583.html,None
2022-07-17 08:30:00,Yahoo Finance,Elon Musk's legal battle with Twitter turns on ambiguous contract language,https://finance.yahoo.com/news/twitter-elon-musk-legal-dispute-turns-on-ambiguous-contract-language-123008264.html,None
2022-07-17 08:10:00,Motley Fool,"If You Invested $10,000 in Rivian in 2021, This Is How Much You Would Have Today",https://www.fool.com/investing/2022/07/17/if-you-invested-10000-in-rivian-in-2021-this-is-ho/?source=eptyholnk0000202&utm_source=yahoo-host&utm_medium=feed&utm_campaign=article,None
2022-07-17 05:09:00,Investing.com,"Top 5 Things to Watch in Markets in the Week Ahead - Earnings Rev Up, ECB Meeting",https://finance.yahoo.com/news/top-5-things-watch-markets-090919781.html,None
2022-07-16 22:54:00,TheStreet.com,GM Has an Answer for a Tesla Big Advantage,https://www.thestreet.com/investing/gm-challenges-big-tesla-advantage?puc=yahoo&cm_ven=YAHOO,None
2022-07-16 13:00:00,Bloomberg,Wall Street Set for New ETF Gold Rush as Single-Stock Era Begins,https://finance.yahoo.com/news/wall-street-set-etf-gold-170000205.html,None
2022-07-16 09:21:00,The Independent,Elon Musk opposes Twitters request for warp speed trial over collapsed $44bn deal,https://finance.yahoo.com/news/elon-musk-opposes-twitter-request-052553827.html,None
2022-07-16 08:52:00,The Wall Street Journal,Elon Musks Inner Circle Rocked by Fight Over His $230 Billion Fortune,https://www.wsj.com/articles/elon-musk-fortune-fight-jared-birchall-igor-kurganov-11657308426?siteid=yhoof2,None
2022-07-16 08:05:00,Yahoo Finance,What if Musk is right about Twitter's bot problem?,https://finance.yahoo.com/news/what-if-musk-is-right-about-twitters-bot-problem-120525144.html,None
2022-07-16 07:00:00,Yahoo Finance,How Elon Musk stacks up to history's other idiosyncratic CEOs: Morning Brief,https://finance.yahoo.com/news/morning-brief-elon-musk-july-16-110004532.html,None
2022-07-16 06:30:00,Motley Fool,Tesla Sees Production Decline-Did Management Overpromise?,https://www.fool.com/investing/2022/07/16/tesla-sees-production-decline-did-management-overp/?source=eptyholnk0000202&utm_source=yahoo-host&utm_medium=feed&utm_campaign=article,None
2022-07-16 01:00:00,Bloomberg,Porsches Luxury IPO Pitch Meets Investor Concern Over Valuation,https://finance.yahoo.com/news/porsche-luxury-ipo-pitch-meets-143703415.html,None
2022-07-15 22:16:00,LA Times,"Elon Musk demands months for trial prep in Twitter suit, reports say",https://finance.yahoo.com/news/elon-musk-demands-months-trial-021629016.html,None
2022-07-15 17:44:00,Barrons.com,"Tesla, Ford, and GMs Plan to Unlock EV Battery Capacity",https://www.barrons.com/articles/tesla-ford-gm-auto-makers-ev-lithium-battery-market-51657919987?siteid=yhoof2,None
2022-07-15 17:21:00,Barrons.com,How U.S. Auto Makers Are Fighting for a Piece of the EV Battery Market,https://www.barrons.com/articles/auto-makers-ev-lithium-battery-market-51657919987?siteid=yhoof2,None
